source_paper,source_year,pdf_file,table_id,sample_group,activity_type,star_name,normalized_name,sp_type,age_gyr_raw,age_gyr,age_gyr_err_plus,age_gyr_err_minus,age_note_ref,prot_days_raw,prot_days,prot_err_plus,prot_err_minus,prot_note_ref,prot_src,age_determined_via,log_age_gyr_raw,log_age_gyr,log_age_unc_raw,log_age_unc,log_Lx_raw,log_Lx,log_Lx_unc_raw,log_Lx_unc,log_Lx_over_Lbol_raw,log_Lx_over_Lbol,log_Lx_over_Lbol_unc_raw,log_Lx_over_Lbol_unc,log_Llya_over_Lbol_raw,log_Llya_over_Lbol,log_Llya_over_Lbol_unc_raw,log_Llya_over_Lbol_unc,log_RHK_raw,log_RHK,log_RHK_unc_raw,log_RHK_unc,measurement_src
Engle_2023,2023,Engle_2023_ApJL_954_L50.pdf,Table 2,early_benchmarks,,Pleiades,Pleiades,M0–2V,"0.125 [+0.05, −0.05]",0.125,0.05,-0.05,,"2.11 [+2.96, −1.50]a",2.11,2.96,-1.5,a,,Cluster,,,,,,,,,,,,,,,,,,,,,
Engle_2023,2023,Engle_2023_ApJL_954_L50.pdf,Table 2,early_benchmarks,,NGC 2516,NGC 2516,M0–2V,"0.15 [+0.02, −0.02]",0.15,0.02,-0.02,,"1.80 [+2.93, −1.30]a",1.8,2.93,-1.3,a,,Cluster,,,,,,,,,,,,,,,,,,,,,
Engle_2023,2023,Engle_2023_ApJL_954_L50.pdf,Table 2,early_benchmarks,,M34,M34,M0–2V,"0.22 [+0.02, −0.02]",0.22,0.02,-0.02,,"6.82 [+3.99, −3.99]a",6.82,3.99,-3.99,a,,Cluster,,,,,,,,,,,,,,,,,,,,,
Engle_2023,2023,Engle_2023_ApJL_954_L50.pdf,Table 2,early_benchmarks,,NGC 3532,NGC 3532,M0–2V,"0.30 [+0.05, −0.05]",0.3,0.05,-0.05,,"10.96 [+5.47, −5.47]b",10.96,5.47,-5.47,b,,Cluster,,,,,,,,,,,,,,,,,,,,,
Engle_2023,2023,Engle_2023_ApJL_954_L50.pdf,Table 2,early_benchmarks,,M37,M37,M0–2V,"0.52 [+0.06, −0.06]",0.52,0.06,-0.06,,"13.15 [+5.24, −5.24]a",13.15,5.24,-5.24,a,,Cluster,,,,,,,,,,,,,,,,,,,,,
Engle_2023,2023,Engle_2023_ApJL_954_L50.pdf,Table 2,early_benchmarks,,Praesepe/Hyades,Praesepe/Hyades,M0–2V,"0.73 [+0.12, −0.12]",0.73,0.12,-0.12,,"16.06 [+2.91, −12.2]c",16.06,2.91,-12.2,c,,Cluster,,,,,,,,,,,,,,,,,,,,,
Engle_2023,2023,Engle_2023_ApJL_954_L50.pdf,Table 2,early_benchmarks,,NGC 6811,NGC 6811,M0–2V,"0.89 [+0.15, −0.15]",0.89,0.15,-0.15,,"14.19 [+1.45, −1.45]d",14.19,1.45,-1.45,d,,Cluster,,,,,,,,,,,,,,,,,,,,,
Engle_2023,2023,Engle_2023_ApJL_954_L50.pdf,Table 2,early_benchmarks,,NGC 752,NGC 752,M0–2V,"1.46 [+0.18, −0.18]",1.46,0.18,-0.18,,"18.6 [+4.2, −4.2]e",18.6,4.2,-4.2,e,,Cluster,,,,,,,,,,,,,,,,,,,,,
Engle_2023,2023,Engle_2023_ApJL_954_L50.pdf,Table 2,early_benchmarks,,L266-195,L266-195,M1V,"2.50 [+1.82, −0.93]",2.5,1.82,-0.93,,"23.19 [+1.84, −1.84]",23.19,1.84,-1.84,,,WD comp (L266-196),,,,,,,,,,,,,,,,,,,,,
Engle_2023,2023,Engle_2023_ApJL_954_L50.pdf,Table 2,early_benchmarks,,LP 856-54,LP 856-54,M1–1.5V,"2.52 [+1.58, −0.61]",2.52,1.58,-0.61,,"23.27 [+0.04, −0.04]",23.27,0.04,-0.04,,,WD comp (LP 856-53),,,,,,,,,,,,,,,,,,,,,
Engle_2023,2023,Engle_2023_ApJL_954_L50.pdf,Table 2,early_benchmarks,,Ruprecht 147,Ruprecht 147,M0–2V,"2.6 [+0.4, −0.4]",2.6,0.4,-0.4,,"22.4 [+2.9, −2.9]f,g",22.4,2.9,-2.9,"f,g",,Cluster,,,,,,,,,,,,,,,,,,,,,
Engle_2023,2023,Engle_2023_ApJL_954_L50.pdf,Table 2,early_benchmarks,,G59-39,G59-39,M0V,"3.20 [+1.96, −0.93]",3.2,1.96,-0.93,,"33.82 [+0.07, −0.07]",33.82,0.07,-0.07,,,WD comp (EGGR 92),,,,,,,,,,,,,,,,,,,,,
Engle_2023,2023,Engle_2023_ApJL_954_L50.pdf,Table 2,early_benchmarks,,LP 775-52,LP 775-52,M0–1V,"3.39 [+0.29, −0.20]",3.39,0.29,-0.2,,"36.90 [+0.10, −0.10]",36.9,0.1,-0.1,,,WD comp (LP 775-53),,,,,,,,,,,,,,,,,,,,,
Engle_2023,2023,Engle_2023_ApJL_954_L50.pdf,Table 2,early_benchmarks,,GJ 2131 A,GJ 2131 A,M1V,"3.47 [+1.69, −1.69]",3.47,1.69,-1.69,,"34.82 [+0.10, −0.10]",34.82,0.1,-0.1,,,WD comp (GJ 2131 B),,,,,,,,,,,,,,,,,,,,,
Engle_2023,2023,Engle_2023_ApJL_954_L50.pdf,Table 2,early_benchmarks,,G111-72,G111-72,M1.5–2V,"3.64 [+1.35, −0.68]",3.64,1.35,-0.68,,"38.96 [+0.13, −0.13]",38.96,0.13,-0.13,,,WD comp (G111-71),,,,,,,,,,,,,,,,,,,,,
Engle_2023,2023,Engle_2023_ApJL_954_L50.pdf,Table 2,early_benchmarks,,HIP 43232 B,HIP 43232 B,M1.5V,"3.95 [+0.35, −0.35]h",3.95,0.35,-0.35,h,"41.3 [+4.1, −4.1]h",41.3,4.1,-4.1,h,,MS comp (HIP 43232 A),,,,,,,,,,,,,,,,,,,,,
Engle_2023,2023,Engle_2023_ApJL_954_L50.pdf,Table 2,early_benchmarks,,M67,M67,M0–2V,"4.0 [+1.0, −0.5]",4.0,1.0,-0.5,,"31.8 [+3.3, −3.3]i",31.8,3.3,-3.3,i,,Cluster,,,,,,,,,,,,,,,,,,,,,
Engle_2023,2023,Engle_2023_ApJL_954_L50.pdf,Table 2,early_benchmarks,,LP 587-54,LP 587-54,M1.5–2V,"6.34 [+1.49, −1.38]",6.34,1.49,-1.38,,"59.5 [+1.4, −1.4]",59.5,1.4,-1.4,,,WD comp (LP 587-53),,,,,,,,,,,,,,,,,,,,,
Engle_2023,2023,Engle_2023_ApJL_954_L50.pdf,Table 2,early_benchmarks,,GJ 366,GJ 366,M1.5V,"9.5 [+1.5, −1.5]",9.5,1.5,-1.5,,"87.1 [+1.2, −1.2]",87.1,1.2,-1.2,,,Thick disk/halo population,,,,,,,,,,,,,,,,,,,,,
Engle_2023,2023,Engle_2023_ApJL_954_L50.pdf,Table 2,early_benchmarks,,GJ 328,GJ 328,M0V,"9.5 [+1.5, −1.5]",9.5,1.5,-1.5,,"80.5 [+0.6, −0.6]",80.5,0.6,-0.6,,,Thick disk/halo population,,,,,,,,,,,,,,,,,,,,,
Engle_2023,2023,Engle_2023_ApJL_954_L50.pdf,Table 2,early_benchmarks,,GJ 821,GJ 821,M1V,"9.5 [+1.5, −1.5]",9.5,1.5,-1.5,,"86.2 [+1.1, −1.1]",86.2,1.1,-1.1,,,Thick disk/halo population,,,,,,,,,,,,,,,,,,,,,
Engle_2023,2023,Engle_2023_ApJL_954_L50.pdf,Table 2,early_benchmarks,,LP 552-48,LP 552-48,M0V,"9.88 [+1.78, −2.06]",9.88,1.78,-2.06,,"83.2 [+0.8, −0.8]",83.2,0.8,-0.8,,,WD comp (LP 552-49),,,,,,,,,,,,,,,,,,,,,
Engle_2023,2023,Engle_2023_ApJL_954_L50.pdf,Table 2,early_benchmarks,,LHS 343,LHS 343,sdK7,"11.5 [+1.0, −1.5]",11.5,1.0,-1.5,,"89.2 [+1.7, −1.7]",89.2,1.7,-1.7,,,Halo population,,,,,,,,,,,,,,,,,,,,,
Engle_2023,2023,Engle_2023_ApJL_954_L50.pdf,Table 2,early_benchmarks,,LHS 173,LHS 173,esdK7j,"11.5 [+1.0, −1.5]",11.5,1.0,-1.5,,"85.3 [+3.4, −3.4]",85.3,3.4,-3.4,,,Halo population,,,,,,,,,,,,,,,,,,,,,
Engle_2023,2023,Engle_2023_ApJL_954_L50.pdf,Table 2,early_benchmarks,,LHS 174,LHS 174,sdM0j,"11.5 [+1.0, −1.5]",11.5,1.0,-1.5,,"90.4 [+1.5, −1.5]",90.4,1.5,-1.5,,,Halo population,,,,,,,,,,,,,,,,,,,,,
Engle_2023,2023,Engle_2023_ApJL_954_L50.pdf,Table 3,midlate_benchmarks,,Pleiades,Pleiades,M2.5–∼3.5Va,"0.125 [+0.05, −0.05]",0.125,0.05,-0.05,,"0.92 [+1.06, −0.43]b",0.92,1.06,-0.43,b,,Cluster,,,,,,,,,,,,,,,,,,,,,
Engle_2023,2023,Engle_2023_ApJL_954_L50.pdf,Table 3,midlate_benchmarks,,Pleiades,Pleiades,M4–∼6.5Va,"0.125 [+0.05, −0.05]",0.125,0.05,-0.05,,"0.38 [+0.15, −0.10]b",0.38,0.15,-0.1,b,,Cluster,,,,,,,,,,,,,,,,,,,,,
Engle_2023,2023,Engle_2023_ApJL_954_L50.pdf,Table 3,midlate_benchmarks,,NGC 2516,NGC 2516,M2.5–∼3.5V,"0.15 [+0.02, −0.02]",0.15,0.02,-0.02,,"0.68 [+0.77, −0.30]b",0.68,0.77,-0.3,b,,Cluster,,,,,,,,,,,,,,,,,,,,,
Engle_2023,2023,Engle_2023_ApJL_954_L50.pdf,Table 3,midlate_benchmarks,,NGC 2516,NGC 2516,M4–6V,"0.15 [+0.02, −0.02]",0.15,0.02,-0.02,,"0.41 [+0.09, −0.10]b",0.41,0.09,-0.1,b,,Cluster,,,,,,,,,,,,,,,,,,,,,
Engle_2023,2023,Engle_2023_ApJL_954_L50.pdf,Table 3,midlate_benchmarks,,M34,M34,M2.5–∼3.5V,"0.22 [+0.02, −0.02]",0.22,0.02,-0.02,,"3.63 [+3.01, −3.01]b",3.63,3.01,-3.01,b,,Cluster,,,,,,,,,,,,,,,,,,,,,
Engle_2023,2023,Engle_2023_ApJL_954_L50.pdf,Table 3,midlate_benchmarks,,M37,M37,M2.5–6V,"0.52 [+0.06, −0.06]",0.52,0.06,-0.06,,"10.84 [+4.55, −8.57]b",10.84,4.55,-8.57,b,,Cluster,,,,,,,,,,,,,,,,,,,,,
Engle_2023,2023,Engle_2023_ApJL_954_L50.pdf,Table 3,midlate_benchmarks,,Praesepe/Hyades,Praesepe/Hyades,M2.5–∼3.5Va,"0.73 [+0.12, −0.12]",0.73,0.12,-0.12,,"12.81 [+1.42, −8.83]c",12.81,1.42,-8.83,c,,Cluster,,,,,,,,,,,,,,,,,,,,,
Engle_2023,2023,Engle_2023_ApJL_954_L50.pdf,Table 3,midlate_benchmarks,,Praesepe/Hyades,Praesepe/Hyades,M4–∼6.5Va,"0.73 [+0.12, −0.12]",0.73,0.12,-0.12,,"23.8 [+3.3, −3.3]c",23.8,3.3,-3.3,c,,Cluster,,,,,,,,,,,,,,,,,,,,,
Engle_2023,2023,Engle_2023_ApJL_954_L50.pdf,Table 3,midlate_benchmarks,,NGC 752,NGC 752,M2.5–∼3.5V,"1.46 [+0.18, −0.18]",1.46,0.18,-0.18,,"19.83 [+10.93, −10.93]d",19.83,10.93,-10.93,d,,Cluster,,,,,,,,,,,,,,,,,,,,,
Engle_2023,2023,Engle_2023_ApJL_954_L50.pdf,Table 3,midlate_benchmarks,,NGC 752,NGC 752,M4–6V,"1.46 [+0.18, −0.18]",1.46,0.18,-0.18,,"13.7 [+5.8, −9.8]d",13.7,5.8,-9.8,d,,Cluster,,,,,,,,,,,,,,,,,,,,,
Engle_2023,2023,Engle_2023_ApJL_954_L50.pdf,Table 3,midlate_benchmarks,,NSV 11919,NSV 11919,M2.5–3V,"1.97 [+0.98, −0.35]",1.97,0.98,-0.35,,"21.07 [+0.05, −0.05]",21.07,0.05,-0.05,,,WD comp (NSV 11920),,,,,,,,,,,,,,,,,,,,,
Engle_2023,2023,Engle_2023_ApJL_954_L50.pdf,Table 3,midlate_benchmarks,,Gaia DR3 75525a,Gaia DR3 75525a,M3–3.5V,"1.98 [+1.01, −0.39]",1.98,1.01,-0.39,,"20.6 [+1.1, −1.1]",20.6,1.1,-1.1,,,WD comp (Gaia DR3 47845b),,,,,,,,,,,,,,,,,,,,,
Engle_2023,2023,Engle_2023_ApJL_954_L50.pdf,Table 3,midlate_benchmarks,,G148-6,G148-6,M3–3.5V,"2.20 [+1.35, −0.57]",2.2,1.35,-0.57,,"22.7 [+0.05, −0.05]",22.7,0.05,-0.05,,,WD comp (G148-7),,,,,,,,,,,,,,,,,,,,,
Engle_2023,2023,Engle_2023_ApJL_954_L50.pdf,Table 3,midlate_benchmarks,,Ruprecht 147,Ruprecht 147,M2.5–∼4V,"2.6 [+0.4, −0.4]",2.6,0.4,-0.4,,"26.6 [+4.2, −4.2]f",26.6,4.2,-4.2,f,,Cluster,,,,,,,,,,,,,,,,,,,,,
Engle_2023,2023,Engle_2023_ApJL_954_L50.pdf,Table 3,midlate_benchmarks,,LP 783-2,LP 783-2,M6.5V,"3.12 [+1.73, −0.56]",3.12,1.73,-0.56,,"25.45 [+0.06, −0.06]",25.45,0.06,-0.06,,,WD comp (LP 783-3),,,,,,,,,,,,,,,,,,,,,
Engle_2023,2023,Engle_2023_ApJL_954_L50.pdf,Table 3,midlate_benchmarks,,G130-6,G130-6,M3V,"3.60 [+1.84, −1.73]",3.6,1.84,-1.73,,"49.5 [+0.1, −0.1]",49.5,0.1,-0.1,,,WD comp (G130-5),,,,,,,,,,,,,,,,,,,,,
Engle_2023,2023,Engle_2023_ApJL_954_L50.pdf,Table 3,midlate_benchmarks,,LP 498-25,LP 498-25,M2.5V,"3.80 [+0.70, −1.58]",3.8,0.7,-1.58,,"49.0 [+0.2, −0.2]",49.0,0.2,-0.2,,,WD comp (LP 498-26),,,,,,,,,,,,,,,,,,,,,
Engle_2023,2023,Engle_2023_ApJL_954_L50.pdf,Table 3,midlate_benchmarks,,M67,M67,M2–∼3.5V,"4.0 [+1.0, −0.5]",4.0,1.0,-0.5,,"46.0 [+23.5, −23.5]g",46.0,23.5,-23.5,g,,Cluster,,,,,,,,,,,,,,,,,,,,,
Engle_2023,2023,Engle_2023_ApJL_954_L50.pdf,Table 3,midlate_benchmarks,,LHS 353,LHS 353,M4V,"4.42 [+2.13, −1.52]",4.42,2.13,-1.52,,"61.2 [+2.1, −2.1]",61.2,2.1,-2.1,,,WD comp (GJ 515),,,,,,,,,,,,,,,,,,,,,
Engle_2023,2023,Engle_2023_ApJL_954_L50.pdf,Table 3,midlate_benchmarks,,LP 906-23,LP 906-23,M4V,"4.86 [+4.41, −1.57]",4.86,4.41,-1.57,,"78.3 [+8.9, −8.9]",78.3,8.9,-8.9,,,WD comp (LP 906-24),,,,,,,,,,,,,,,,,,,,,
Engle_2023,2023,Engle_2023_ApJL_954_L50.pdf,Table 3,midlate_benchmarks,,40 Eri C,40 Eri C,M4.5V,"4.89 [+4.81, −2.71]",4.89,4.81,-2.71,,"81.0 [+0.7, −0.7]",81.0,0.7,-0.7,,,WD comp (40 Eri B),,,,,,,,,,,,,,,,,,,,,
Engle_2023,2023,Engle_2023_ApJL_954_L50.pdf,Table 3,midlate_benchmarks,,G201-40,G201-40,M3–3.5V,"5.16 [+3.77, −2.87]",5.16,3.77,-2.87,,"77.6 [+0.9, −0.9]",77.6,0.9,-0.9,,,WD comp (G201-39),,,,,,,,,,,,,,,,,,,,,
Engle_2023,2023,Engle_2023_ApJL_954_L50.pdf,Table 3,midlate_benchmarks,,Proxima Cen,Proxima Cen,M5.5V,"5.3 [+0.7, −0.7]",5.3,0.7,-0.7,,"86.4 [+2.5, −2.5]",86.4,2.5,-2.5,,,α Cen system,,,,,,,,,,,,,,,,,,,,,
Engle_2023,2023,Engle_2023_ApJL_954_L50.pdf,Table 3,midlate_benchmarks,,G87-28,G87-28,M4V,"5.42 [+1.70, −1.45]",5.42,1.7,-1.45,,"91.1 [+0.7, −0.7]",91.1,0.7,-0.7,,,WD comp (G87-29),,,,,,,,,,,,,,,,,,,,,
Engle_2023,2023,Engle_2023_ApJL_954_L50.pdf,Table 3,midlate_benchmarks,,2MASS J23095781+5506472,2MASS J23095781+5506472,M5.5–6V,"5.47 [+0.61, − 0.26]",5.47,0.61,,,"104.1 [–, –]",,,,,,WD comp (2MASS J23095848+5506491),,,,,,,,,,,,,,,,,,,,,
Engle_2023,2023,Engle_2023_ApJL_954_L50.pdf,Table 3,midlate_benchmarks,,LSPM J1604+3909W,LSPM J1604+3909W,M4V,"6.9 [+0.9, −0.9]",6.9,0.9,-0.9,,"127.9 [+2.8, −2.8]",127.9,2.8,-2.8,,,MS comp (HD 144579),,,,,,,,,,,,,,,,,,,,,
Engle_2023,2023,Engle_2023_ApJL_954_L50.pdf,Table 3,midlate_benchmarks,,LHS 229,LHS 229,M4V,"8.71 [+0.56, −0.46]",8.71,0.56,-0.46,,"152.3[+1.7, −1.7]",152.3,1.7,-1.7,,,WD comp (LHS 230),,,,,,,,,,,,,,,,,,,,,
Engle_2023,2023,Engle_2023_ApJL_954_L50.pdf,Table 3,midlate_benchmarks,,GJ 299,GJ 299,M4.5V,"9.5 [+1.5, −1.5]",9.5,1.5,-1.5,,"156.9 [+1.2, −1.2]",156.9,1.2,-1.2,,,Thick disk/halo population,,,,,,,,,,,,,,,,,,,,,
Engle_2023,2023,Engle_2023_ApJL_954_L50.pdf,Table 3,midlate_benchmarks,,GJ 213,GJ 213,M4V,"9.5 [+1.5, −1.5]",9.5,1.5,-1.5,,"158.6 [+2.0, −2.0]",158.6,2.0,-2.0,,,Thick disk/halo population,,,,,,,,,,,,,,,,,,,,,
Engle_2023,2023,Engle_2023_ApJL_954_L50.pdf,Table 3,midlate_benchmarks,,GJ 157.1,GJ 157.1,M4V,"9.5[+1.5, −1.5]",9.5,1.5,-1.5,,"142.7 [+3.0, −3.0]",142.7,3.0,-3.0,,,Thick disk/halo population,,,,,,,,,,,,,,,,,,,,,
Engle_2023,2023,Engle_2023_ApJL_954_L50.pdf,Table 3,midlate_benchmarks,,Barnard's Star (GJ 699),Barnard's Star,M4V,"9.5 [+1.5, −1.5]",9.5,1.5,-1.5,,"149.1 [+0.6, −0.6]",149.1,0.6,-0.6,,,Thick disk/halo population,,,,,,,,,,,,,,,,,,,,,
Engle_2023,2023,Engle_2023_ApJL_954_L50.pdf,Table 3,midlate_benchmarks,,GJ 273,GJ 273,M3.5V,"9.5 [+1.5, −1.5]",9.5,1.5,-1.5,,"157.3 [+5.7, −5.7]",157.3,5.7,-5.7,,,Thick disk/halo population,,,,,,,,,,,,,,,,,,,,,
Engle_2023,2023,Engle_2023_ApJL_954_L50.pdf,Table 3,midlate_benchmarks,,GJ 581,GJ 581,M3V,"9.5 [+1.5, −1.5]",9.5,1.5,-1.5,,"148.1 [+0.9, −0.9]",148.1,0.9,-0.9,,,Thick disk/halo population,,,,,,,,,,,,,,,,,,,,,
Engle_2023,2023,Engle_2023_ApJL_954_L50.pdf,Table 3,midlate_benchmarks,,LHS 1802,LHS 1802,M5V,"9.97 [+1.98, −2.39]",9.97,1.98,-2.39,,"150.4 [+2.4, −2.4]",150.4,2.4,-2.4,,,WD comp (LHS 1801),,,,,,,,,,,,,,,,,,,,,
Engle_2023,2023,Engle_2023_ApJL_954_L50.pdf,Table 3,midlate_benchmarks,,LHS 182,LHS 182,usdM0,"11.5 [+1.0, −1.5]",11.5,1.0,-1.5,,"161.4 [+5.2, −5.2]",161.4,5.2,-5.2,,,Halo population,,,,,,,,,,,,,,,,,,,,,
Engle_2023,2023,Engle_2023_ApJL_954_L50.pdf,Table 3,midlate_benchmarks,,GJ 1062,GJ 1062,sdM2.5,"11.5 [+1.0, −1.5]",11.5,1.0,-1.5,,"159.5 [+2.1, −3.4]",159.5,2.1,-3.4,,,Halo population,,,,,,,,,,,,,,,,,,,,,
Engle_2023,2023,Engle_2023_ApJL_954_L50.pdf,Table 3,midlate_benchmarks,,LHS 3382,LHS 3382,esdM2.5,"11.5 [+1.0, −1.5]",11.5,1.0,-1.5,,"169.2 [+9.3, −3.7]",169.2,9.3,-3.7,,,Halo population,,,,,,,,,,,,,,,,,,,,,
Engle_2023,2023,Engle_2023_ApJL_954_L50.pdf,Table 3,midlate_benchmarks,,LHS 216,LHS 216,esdM3h,"11.5 [+1.0, −1.5]",11.5,1.0,-1.5,,"174.4 [+2.8, −2.8]",174.4,2.8,-2.8,,,Halo population,,,,,,,,,,,,,,,,,,,,,
Engle_2023,2023,Engle_2023_ApJL_954_L50.pdf,Table 3,midlate_benchmarks,,Kapteyn's Star (GJ 191),Kapteyn's Star,sdM1.5h,"11.5 [+1.0, −1.5]",11.5,1.0,-1.5,,"153.2 [+3.7, −3.7]",153.2,3.7,-3.7,,,Halo population,,,,,,,,,,,,,,,,,,,,,
Engle_2024,2024,Engle_2024_ApJ_960_62.pdf,Table 2,,xray,1RXS J041330.7+251052,1RXS J041330.7+251052,,,,,,,2.22,2.22,,,,M20,,−0.906,-0.906,0.038,0.038,29.27,29.27,,,−2.86,-2.86,0.10,0.1,,,,,,,,,M20
Engle_2024,2024,Engle_2024_ApJ_960_62.pdf,Table 2,,xray,EPIC 201909533,EPIC 201909533,,,,,,,2.29,2.29,,,,M20,,−0.901,-0.901,0.038,0.038,29.29,29.29,,,−2.71,-2.71,0.40,0.4,,,,,,,,,"R, M22"
Engle_2024,2024,Engle_2024_ApJ_960_62.pdf,Table 2,,xray,1RXS J030708.3+323528,1RXS J030708.3+323528,,,,,,,2.35,2.35,,,,M20,,−0.898,-0.898,0.038,0.038,29.13,29.13,,,−3.03,-3.03,0.07,0.07,,,,,,,,,M20
Engle_2024,2024,Engle_2024_ApJ_960_62.pdf,Table 2,,xray,EPIC 210651981,EPIC 210651981,,,,,,,2.44,2.44,,,,M20,,−0.892,-0.892,0.038,0.038,28.82,28.82,,,−3.24,-3.24,0.06,0.06,,,,,,,,,M20
Engle_2024,2024,Engle_2024_ApJ_960_62.pdf,Table 2,,xray,1RXS J231233.3+391140,1RXS J231233.3+391140,,,,,,,2.47,2.47,,,,M20,,−0.890,-0.89,0.038,0.038,29.06,29.06,,,−3.12,-3.12,0.13,0.13,,,,,,,,,M20
Engle_2024,2024,Engle_2024_ApJ_960_62.pdf,Table 2,,xray,GSC 03517-00212,GSC 03517-00212,,,,,,,2.61,2.61,,,,M20,,−0.882,-0.882,0.039,0.039,29.52,29.52,,,−2.92,-2.92,0.02,0.02,,,,,,,,,M20
Engle_2024,2024,Engle_2024_ApJ_960_62.pdf,Table 2,,xray,UCAC4 630-046962,UCAC4 630-046962,,,,,,,2.69,2.69,,,,M20,,−0.877,-0.877,0.039,0.039,28.98,28.98,,,−2.98,-2.98,0.04,0.04,,,,,,,,,M20
Engle_2024,2024,Engle_2024_ApJ_960_62.pdf,Table 2,,xray,CK Tri,CK Tri,,,,,,,2.73,2.73,,,,M20,,−0.874,-0.874,0.039,0.039,29.45,29.45,,,−2.84,-2.84,0.01,0.01,,,,,,,,,M20
Engle_2024,2024,Engle_2024_ApJ_960_62.pdf,Table 2,,xray,LP 152-39,LP 152-39,,,,,,,2.79,2.79,,,,M20,,−0.870,-0.87,0.039,0.039,29.09,29.09,,,−3.27,-3.27,0.04,0.04,,,,,,,,,M20
Engle_2024,2024,Engle_2024_ApJ_960_62.pdf,Table 2,,xray,Pleiades/NGC 2516,Pleiades/NGC 2516,,,,,,,…,,,,,…,,−0.870,-0.87,0.120,0.12,29.19,29.19,,,−3.08,-3.08,0.27,0.27,,,,,,,,,N16
Engle_2024,2024,Engle_2024_ApJ_960_62.pdf,Table 2,,xray,DT Vir (GJ 494),DT Vir,,,,,,,2.89,2.89,,,,1T,,−0.864,-0.864,0.039,0.039,29.48,29.48,,,−2.85,-2.85,0.66,0.66,,,,,,,,,"R, X"
Engle_2024,2024,Engle_2024_ApJ_960_62.pdf,Table 2,,xray,UCAC4 587-034710,UCAC4 587-034710,,,,,,,3.05,3.05,,,,M20,,−0.854,-0.854,0.039,0.039,29.24,29.24,,,−3.24,-3.24,0.11,0.11,,,,,,,,,M22
Engle_2024,2024,Engle_2024_ApJ_960_62.pdf,Table 2,,xray,UCAC4 681-049380,UCAC4 681-049380,,,,,,,3.22,3.22,,,,M20,,−0.844,-0.844,0.039,0.039,29.01,29.01,,,−3.12,-3.12,0.05,0.05,,,,,,,,,M20
Engle_2024,2024,Engle_2024_ApJ_960_62.pdf,Table 2,,xray,1RXS J085922.2+403351,1RXS J085922.2+403351,,,,,,,3.25,3.25,,,,M20,,−0.842,-0.842,0.039,0.039,29.29,29.29,,,−3.20,-3.2,0.30,0.3,,,,,,,,,M20
Engle_2024,2024,Engle_2024_ApJ_960_62.pdf,Table 2,,xray,OT Ser (GJ 9520),OT Ser,,,,,,,3.37,3.37,,,,M20,,−0.834,-0.834,0.039,0.039,28.94,28.94,,,−3.31,-3.31,0.24,0.24,,,,,,,,,"R, X"
Engle_2024,2024,Engle_2024_ApJ_960_62.pdf,Table 2,,xray,HAT 169-07364,HAT 169-07364,,,,,,,3.42,3.42,,,,M20,,−0.831,-0.831,0.039,0.039,29.56,29.56,,,−2.91,-2.91,0.08,0.08,,,,,,,,,M20
Engle_2024,2024,Engle_2024_ApJ_960_62.pdf,Table 2,,xray,PM J23045+4014,PM J23045+4014,,,,,,,3.56,3.56,,,,M20,,−0.823,-0.823,0.039,0.039,29.02,29.02,,,−3.20,-3.2,0.06,0.06,,,,,,,,,M20
Engle_2024,2024,Engle_2024_ApJ_960_62.pdf,Table 2,,xray,EPIC 206349327,EPIC 206349327,,,,,,,3.72,3.72,,,,M20,,−0.813,-0.813,0.039,0.039,29.19,29.19,,,−3.21,-3.21,0.05,0.05,,,,,,,,,M20
Engle_2024,2024,Engle_2024_ApJ_960_62.pdf,Table 2,,xray,G 80-21,G 80-21,,,,,,,3.88,3.88,,,,M20,,−0.803,-0.803,0.039,0.039,28.90,28.9,,,−3.19,-3.19,0.23,0.23,,,,,,,,,M22
Engle_2024,2024,Engle_2024_ApJ_960_62.pdf,Table 2,,xray,G 173-18,G 173-18,,,,,,,4.12,4.12,,,,M20,,−0.788,-0.788,0.039,0.039,29.55,29.55,,,−2.81,-2.81,0.01,0.01,,,,,,,,,M20
Engle_2024,2024,Engle_2024_ApJ_960_62.pdf,Table 2,,xray,FK Aqr (GJ 867A),FK Aqr,,,,,,,4.23,4.23,,,,M20,,−0.781,-0.781,0.039,0.039,29.34,29.34,,,−3.06,-3.06,0.36,0.36,,,,,,,,,M20
Engle_2024,2024,Engle_2024_ApJ_960_62.pdf,Table 2,,xray,2MASS J05071824+5307115,2MASS J05071824+5307115,,,,,,,4.23,4.23,,,,M20,,−0.781,-0.781,0.039,0.039,29.05,29.05,,,−3.26,-3.26,0.11,0.11,,,,,,,,,M20
Engle_2024,2024,Engle_2024_ApJ_960_62.pdf,Table 2,,xray,HAT 222-10112,HAT 222-10112,,,,,,,4.77,4.77,,,,M20,,−0.747,-0.747,0.040,0.04,29.39,29.39,,,−2.96,-2.96,0.07,0.07,,,,,,,,,M20
Engle_2024,2024,Engle_2024_ApJ_960_62.pdf,Table 2,,xray,2MASS J04160235+3325301,2MASS J04160235+3325301,,,,,,,4.77,4.77,,,,M20,,−0.747,-0.747,0.040,0.04,28.80,28.8,,,−3.22,-3.22,0.06,0.06,,,,,,,,,M20
Engle_2024,2024,Engle_2024_ApJ_960_62.pdf,Table 2,,xray,BD-17 6768,BD-17 6768,,,,,,,4.83,4.83,,,,M20,,−0.744,-0.744,0.040,0.04,28.67,28.67,,,−3.33,-3.33,0.04,0.04,,,,,,,,,M20
Engle_2024,2024,Engle_2024_ApJ_960_62.pdf,Table 2,,xray,au Mic (GJ 803),au Mic,,,,,,,4.85,4.85,,,,M20,,−0.743,-0.743,0.040,0.04,29.41,29.41,,,−3.15,-3.15,0.12,0.12,,,,,,,,,"C, R, S, X"
Engle_2024,2024,Engle_2024_ApJ_960_62.pdf,Table 2,,xray,EPIC 202059229,EPIC 202059229,,,,,,,5.01,5.01,,,,M20,,−0.733,-0.733,0.040,0.04,29.15,29.15,,,−3.17,-3.17,0.44,0.44,,,,,,,,,M22
Engle_2024,2024,Engle_2024_ApJ_960_62.pdf,Table 2,,xray,GSC 02083-01558,GSC 02083-01558,,,,,,,5.34,5.34,,,,M20,,−0.712,-0.712,0.040,0.04,28.65,28.65,,,−3.27,-3.27,0.07,0.07,,,,,,,,,M20
Engle_2024,2024,Engle_2024_ApJ_960_62.pdf,Table 2,,xray,1RXS J175750.3+471634,1RXS J175750.3+471634,,,,,,,5.45,5.45,,,,M20,,−0.705,-0.705,0.040,0.04,29.09,29.09,,,−3.36,-3.36,0.42,0.42,,,,,,,,,M20
Engle_2024,2024,Engle_2024_ApJ_960_62.pdf,Table 2,,xray,LP 149-56,LP 149-56,,,,,,,6.17,6.17,,,,M20,,−0.661,-0.661,0.041,0.041,28.84,28.84,,,−3.23,-3.23,0.04,0.04,,,,,,,,,M20
Engle_2024,2024,Engle_2024_ApJ_960_62.pdf,Table 2,,xray,NGC 6475,NGC 6475,,,,,,,…,,,,,…,,−0.660,-0.66,0.100,0.1,29.41,29.41,,,−2.89,-2.89,0.36,0.36,,,,,,,,,N16
Engle_2024,2024,Engle_2024_ApJ_960_62.pdf,Table 2,,xray,TYC 3059-299-1,TYC 3059-299-1,,,,,,,6.46,6.46,,,,M20,,−0.643,-0.643,0.041,0.041,29.30,29.3,,,−3.16,-3.16,0.02,0.02,,,,,,,,,M20
Engle_2024,2024,Engle_2024_ApJ_960_62.pdf,Table 2,,xray,CD-72 1700A (GJ 1264),CD-72 1700A,,,,,,,6.67,6.67,,,,M20,,−0.629,-0.629,0.041,0.041,29.31,29.31,,,−2.92,-2.92,0.20,0.2,,,,,,,,,M22
Engle_2024,2024,Engle_2024_ApJ_960_62.pdf,Table 2,,xray,UCAC4 678-130516,UCAC4 678-130516,,,,,,,6.85,6.85,,,,M20,,−0.618,-0.618,0.042,0.042,29.04,29.04,,,−3.50,-3.5,0.13,0.13,,,,,,,,,M20
Engle_2024,2024,Engle_2024_ApJ_960_62.pdf,Table 2,,xray,TYC 2703-706-1,TYC 2703-706-1,,,,,,,7.80,7.8,,,,M20,,−0.559,-0.559,0.044,0.044,29.14,29.14,,,−3.34,-3.34,0.07,0.07,,,,,,,,,"R, S"
Engle_2024,2024,Engle_2024_ApJ_960_62.pdf,Table 2,,xray,UCAC4 666-047939,UCAC4 666-047939,,,,,,,7.85,7.85,,,,M20,,−0.556,-0.556,0.043,0.043,28.88,28.88,,,−3.49,-3.49,0.13,0.13,,,,,,,,,M20
Engle_2024,2024,Engle_2024_ApJ_960_62.pdf,Table 2,,xray,EPIC 202059204,EPIC 202059204,,,,,,,7.89,7.89,,,,M20,,−0.554,-0.554,0.043,0.043,28.62,28.62,,,−3.61,-3.61,0.05,0.05,,,,,,,,,M20
Engle_2024,2024,Engle_2024_ApJ_960_62.pdf,Table 2,,xray,1RXS J051125.0+265849,1RXS J051125.0+265849,,,,,,,8.09,8.09,,,,M20,,−0.541,-0.541,0.043,0.043,29.00,29.0,,,−3.08,-3.08,0.10,0.1,,,,,,,,,M20
Engle_2024,2024,Engle_2024_ApJ_960_62.pdf,Table 2,,xray,UCAC4 729-006249,UCAC4 729-006249,,,,,,,8.35,8.35,,,,M20,,−0.525,-0.525,0.043,0.043,29.09,29.09,,,−3.33,-3.33,0.04,0.04,,,,,,,,,M20
Engle_2024,2024,Engle_2024_ApJ_960_62.pdf,Table 2,,xray,TYC 3425-1133-1,TYC 3425-1133-1,,,,,,,8.35,8.35,,,,M20,,−0.525,-0.525,0.043,0.043,28.92,28.92,,,−3.33,-3.33,0.02,0.02,,,,,,,,,M20
Engle_2024,2024,Engle_2024_ApJ_960_62.pdf,Table 2,,xray,2MASS J21154192+1746242,2MASS J21154192+1746242,,,,,,,9.02,9.02,,,,M20,,−0.484,-0.484,0.044,0.044,29.06,29.06,,,−3.31,-3.31,0.07,0.07,,,,,,,,,M20
Engle_2024,2024,Engle_2024_ApJ_960_62.pdf,Table 2,,xray,UCAC4 643-115616,UCAC4 643-115616,,,,,,,9.65,9.65,,,,M20,,−0.444,-0.444,0.045,0.045,29.25,29.25,,,−3.34,-3.34,0.08,0.08,,,,,,,,,M20
Engle_2024,2024,Engle_2024_ApJ_960_62.pdf,Table 2,,xray,CK Ari,CK Ari,,,,,,,9.70,9.7,,,,M20,,−0.441,-0.441,0.045,0.045,29.06,29.06,,,−3.26,-3.26,0.02,0.02,,,,,,,,,M20
Engle_2024,2024,Engle_2024_ApJ_960_62.pdf,Table 2,,xray,UCAC4 654-053944,UCAC4 654-053944,,,,,,,10.08,10.08,,,,M20,,−0.418,-0.418,0.048,0.048,28.83,28.83,,,−3.66,-3.66,0.38,0.38,,,,,,,,,"C, R, S, X"
Engle_2024,2024,Engle_2024_ApJ_960_62.pdf,Table 2,,xray,UCAC4 669-046011,UCAC4 669-046011,,,,,,,10.35,10.35,,,,M20,,−0.401,-0.401,0.046,0.046,28.70,28.7,,,−3.60,-3.6,0.17,0.17,,,,,,,,,M20
Engle_2024,2024,Engle_2024_ApJ_960_62.pdf,Table 2,,xray,TYC 3483-856-1,TYC 3483-856-1,,,,,,,10.54,10.54,,,,M20,,−0.389,-0.389,0.049,0.049,28.80,28.8,,,−3.47,-3.47,0.02,0.02,,,,,,,,,"R, S"
Engle_2024,2024,Engle_2024_ApJ_960_62.pdf,Table 2,,xray,EPIC 210741091,EPIC 210741091,,,,,,,10.95,10.95,,,,M20,,−0.364,-0.364,0.047,0.047,28.88,28.88,,,−3.54,-3.54,0.02,0.02,,,,,,,,,M20
Engle_2024,2024,Engle_2024_ApJ_960_62.pdf,Table 2,,xray,EPIC 210707811,EPIC 210707811,,,,,,,11.77,11.77,,,,M20,,−0.313,-0.313,0.048,0.048,28.79,28.79,,,−3.34,-3.34,0.05,0.05,,,,,,,,,"R, X"
Engle_2024,2024,Engle_2024_ApJ_960_62.pdf,Table 2,,xray,GJ 3367,GJ 3367,,,,,,,12.05,12.05,,,,M20,,−0.295,-0.295,0.048,0.048,28.79,28.79,,,−3.65,-3.65,0.68,0.68,,,,,,,,,M22
Engle_2024,2024,Engle_2024_ApJ_960_62.pdf,Table 2,,xray,V2689 Ori,V2689 Ori,,,,,,,12.29,12.29,,,,M20,,−0.280,-0.28,0.049,0.049,28.45,28.45,,,−3.97,-3.97,0.15,0.15,,,,,,,,,"M22, R"
Engle_2024,2024,Engle_2024_ApJ_960_62.pdf,Table 2,,xray,M37,M37,,,,,,,…,,,,,…,,−0.280,-0.28,0.050,0.05,29.11,29.11,,,−3.13,-3.13,0.24,0.24,,,,,,,,,N16
Engle_2024,2024,Engle_2024_ApJ_960_62.pdf,Table 2,,xray,BD+16 2708 (GJ 569 A),BD+16 2708,,,,,,,13.68,13.68,,,,M20,,−0.194,-0.194,0.051,0.051,28.33,28.33,,,−3.79,-3.79,0.52,0.52,,,,,,,,,"C, R, X"
Engle_2024,2024,Engle_2024_ApJ_960_62.pdf,Table 2,,xray,StKM 1-1215,StKM 1-1215,,,,,,,13.91,13.91,,,,M20,,−0.180,-0.18,0.056,0.056,28.48,28.48,,,−4.03,-4.03,0.18,0.18,,,,,,,,,"R, X"
Engle_2024,2024,Engle_2024_ApJ_960_62.pdf,Table 2,,xray,DS Leo (GJ 410),DS Leo,,,,,,,14.52,14.52,,,,1A,,−0.142,-0.142,0.052,0.052,28.35,28.35,,,−3.99,-3.99,0.17,0.17,,,,,,,,,M22
Engle_2024,2024,Engle_2024_ApJ_960_62.pdf,Table 2,,xray,Hyaeds/Praesepe,Hyaeds/Praesepe,,,,,,,…,,,,,…,,−0.137,-0.137,0.070,0.07,28.76,28.76,,,−3.58,-3.58,0.49,0.49,,,,,,,,,N16
Engle_2024,2024,Engle_2024_ApJ_960_62.pdf,Table 2,,xray,1RXS J133332.0+364153,1RXS J133332.0+364153,,,,,,,15.36,15.36,,,,M20,,−0.090,-0.09,0.054,0.054,28.82,28.82,,,−3.47,-3.47,0.26,0.26,,,,,,,,,M20
Engle_2024,2024,Engle_2024_ApJ_960_62.pdf,Table 2,,xray,TYC 3142-1028-1,TYC 3142-1028-1,,,,,,,15.65,15.65,,,,M20,,−0.072,-0.072,0.060,0.06,28.67,28.67,,,−3.35,-3.35,0.34,0.34,,,,,,,,,"R, X"
Engle_2024,2024,Engle_2024_ApJ_960_62.pdf,Table 2,,xray,HD 11507,HD 11507,,,,,,,15.80,15.8,,,,M20,,−0.063,-0.063,0.055,0.055,27.76,27.76,,,−4.69,-4.69,0.30,0.3,,,,,,,,,M22
Engle_2024,2024,Engle_2024_ApJ_960_62.pdf,Table 2,,xray,UCAC4 650-018148,UCAC4 650-018148,,,,,,,16.14,16.14,,,,M20,,−0.041,-0.041,0.055,0.055,28.50,28.5,,,−4.01,-4.01,0.22,0.22,,,,,,,,,M20
Engle_2024,2024,Engle_2024_ApJ_960_62.pdf,Table 2,,xray,StKM 1-1407,StKM 1-1407,,,,,,,16.15,16.15,,,,M20,,−0.041,-0.041,0.055,0.055,28.70,28.7,,,−3.76,-3.76,0.02,0.02,,,,,,,,,M20
Engle_2024,2024,Engle_2024_ApJ_960_62.pdf,Table 2,,xray,GJ 3942,GJ 3942,,,,,,,16.30,16.3,,,,GA19,,−0.031,-0.031,0.061,0.061,27.81,27.81,,,−4.53,-4.53,0.06,0.06,,,,,,,,,"F, G"
Engle_2024,2024,Engle_2024_ApJ_960_62.pdf,Table 2,,xray,GJ 685,GJ 685,,,,,,,16.30,16.3,,,,M20,,−0.031,-0.031,0.055,0.055,27.82,27.82,,,−4.52,-4.52,0.36,0.36,,,,,,,,,M20
Engle_2024,2024,Engle_2024_ApJ_960_62.pdf,Table 2,,xray,GJ 338A,GJ 338A,,,,,,,16.30,16.3,,,,GA19,,−0.031,-0.031,0.159,0.159,27.99,27.99,,,−4.53,-4.53,0.48,0.48,,,,,,,,,"C, R"
Engle_2024,2024,Engle_2024_ApJ_960_62.pdf,Table 2,,xray,G 115-72,G 115-72,,,,,,,16.61,16.61,,,,M20,,−0.012,-0.012,0.056,0.056,28.49,28.49,,,−3.97,-3.97,0.10,0.1,,,,,,,,,M20
Engle_2024,2024,Engle_2024_ApJ_960_62.pdf,Table 2,,xray,GJ 338B,GJ 338B,,,,,,,16.61,16.61,,,,GA19,,−0.012,-0.012,0.055,0.055,27.96,27.96,0.34,0.34,−4.47,-4.47,0.41,0.41,,,,,,,,,"C, W"
Engle_2024,2024,Engle_2024_ApJ_960_62.pdf,Table 2,,xray,GJ 694.2,GJ 694.2,,,,,,,17.30,17.3,,,,M20,,0.031,0.031,0.057,0.057,27.98,27.98,0.15,0.15,−4.36,-4.36,0.18,0.18,,,,,,,,,M20
Engle_2024,2024,Engle_2024_ApJ_960_62.pdf,Table 2,,xray,EPIC 202059231,EPIC 202059231,,,,,,,17.43,17.43,,,,M20,,0.039,0.039,0.057,0.057,28.46,28.46,0.04,0.04,−3.66,-3.66,0.05,0.05,,,,,,,,,M20
Engle_2024,2024,Engle_2024_ApJ_960_62.pdf,Table 2,,xray,GJ 3822,GJ 3822,,,,,,,18.30,18.3,,,,M20,,0.093,0.093,0.059,0.059,27.95,27.95,0.17,0.17,−4.44,-4.44,0.20,0.2,,,,,,,,,M20
Engle_2024,2024,Engle_2024_ApJ_960_62.pdf,Table 2,,xray,GJ 49,GJ 49,,,,,,,19.45,19.45,,,,1R,,0.164,0.164,0.060,0.06,27.57,27.57,0.04,0.04,−4.70,-4.7,0.07,0.07,,,,,,,,,X
Engle_2024,2024,Engle_2024_ApJ_960_62.pdf,Table 2,,xray,GJ 606,GJ 606,,,,,,,20.00,20.0,,,,M20,,0.198,0.198,0.062,0.062,27.86,27.86,0.13,0.13,−4.29,-4.29,0.16,0.16,,,,,,,,,M20
Engle_2024,2024,Engle_2024_ApJ_960_62.pdf,Table 2,,xray,1RXS J165257.4+255744,1RXS J165257.4+255744,,,,,,,20.22,20.22,,,,M20,,0.212,0.212,0.063,0.063,28.47,28.47,0.46,0.46,−3.85,-3.85,0.55,0.55,,,,,,,,,"R, X"
Engle_2024,2024,Engle_2024_ApJ_960_62.pdf,Table 2,,xray,GJ 2,GJ 2,,,,,,,21.20,21.2,,,,M20,,0.273,0.273,0.065,0.065,27.60,27.6,0.13,0.13,−4.62,-4.62,0.16,0.16,,,,,,,,,M20
Engle_2024,2024,Engle_2024_ApJ_960_62.pdf,Table 2,,xray,GJ 720A,GJ 720A,,,,,,,34.50,34.5,,,,M20,,0.517,0.517,0.074,0.074,27.71,27.71,0.74,0.74,−4.71,-4.71,0.74,0.74,,,,,,,,,M22
Engle_2024,2024,Engle_2024_ApJ_960_62.pdf,Table 2,,xray,GJ 47,GJ 47,,,,,,,34.70,34.7,,,,M20,,0.518,0.518,0.074,0.074,27.42,27.42,0.14,0.14,−4.45,-4.45,0.17,0.17,,,,,,,,,M20
Engle_2024,2024,Engle_2024_ApJ_960_62.pdf,Table 2,,xray,HD 38529c,HD 38529c,,,,,,,35.90,35.9,,,,M20,,0.530,0.53,0.076,0.076,27.05,27.05,0.15,0.15,−4.97,-4.97,0.18,0.18,,,,,,,,,M20
Engle_2024,2024,Engle_2024_ApJ_960_62.pdf,Table 2,,xray,GJ 740,GJ 740,,,,,,,36.40,36.4,,,,M20,,0.534,0.534,0.077,0.077,27.45,27.45,0.14,0.14,−4.95,-4.95,0.17,0.17,,,,,,,,,M20
Engle_2024,2024,Engle_2024_ApJ_960_62.pdf,Table 2,,xray,GJ 832,GJ 832,,,,,,,38.10,38.1,,,,1S,,0.550,0.55,0.080,0.08,26.59,26.59,0.28,0.28,−5.38,-5.38,0.34,0.34,,,,,,,,,"R, S, X"
Engle_2024,2024,Engle_2024_ApJ_960_62.pdf,Table 2,,xray,EPIC 201675315,EPIC 201675315,,,,,,,38.13,38.13,,,,M20,,0.550,0.55,0.081,0.081,26.97,26.97,0.03,0.03,−5.38,-5.38,0.04,0.04,,,,,,,,,M20
Engle_2024,2024,Engle_2024_ApJ_960_62.pdf,Table 2,,xray,HD 285968 (GJ 176),HD 285968,,,,,,,40.13,40.13,,,,1R,,0.569,0.569,0.085,0.085,27.25,27.25,0.33,0.33,−4.88,-4.88,0.40,0.4,,,,,,,,,"C, R"
Engle_2024,2024,Engle_2024_ApJ_960_62.pdf,Table 2,,xray,BD-18 359,BD-18 359,,,,,,,44.51,44.51,,,,M20,,0.610,0.61,0.093,0.093,27.45,27.45,0.67,0.67,−4.65,-4.65,0.67,0.67,,,,,,,,,"R, M22"
Engle_2024,2024,Engle_2024_ApJ_960_62.pdf,Table 2,,xray,LHS 373 (GJ 552),LHS 373,,,,,,,44.90,44.9,,,,1R,,0.614,0.614,0.095,0.095,27.50,27.5,0.19,0.19,−4.68,-4.68,0.23,0.23,,,,,,,,,M20
Engle_2024,2024,Engle_2024_ApJ_960_62.pdf,Table 2,,xray,GJ 15A,GJ 15A,,,,,,,44.95,44.95,,,,1R,,0.614,0.614,0.095,0.095,26.41,26.41,0.33,0.33,−5.52,-5.52,0.40,0.4,,,,,,,,,M20
Engle_2024,2024,Engle_2024_ApJ_960_62.pdf,Table 2,,xray,GJ 752A,GJ 752A,,,,,,,46.60,46.6,,,,1H,,0.630,0.63,0.098,0.098,26.91,26.91,0.17,0.17,−5.12,-5.12,0.21,0.21,,,,,,,,,R
Engle_2024,2024,Engle_2024_ApJ_960_62.pdf,Table 2,,xray,GJ 625,GJ 625,,,,,,,51.22,51.22,,,,1R,,0.673,0.673,0.108,0.108,26.82,26.82,0.17,0.17,−4.82,-4.82,0.22,0.22,,,,,,,,,R
Engle_2024,2024,Engle_2024_ApJ_960_62.pdf,Table 2,,xray,BR Psc (GJ 908),BR Psc,,,,,,,53.70,53.7,,,,1A,,0.696,0.696,0.114,0.114,26.47,26.47,0.11,0.11,−5.48,-5.48,0.13,0.13,,,,,,,,,M20
Engle_2024,2024,Engle_2024_ApJ_960_62.pdf,Table 2,,xray,GJ 476,GJ 476,,,,,,,55.00,55.0,,,,SM18,,0.708,0.708,0.127,0.127,27.05,27.05,0.15,0.15,−4.82,-4.82,0.22,0.22,,,,,,,,,GA19
Engle_2024,2024,Engle_2024_ApJ_960_62.pdf,Table 2,,xray,HD 95735b (GJ 411),HD 95735b,,,,,,,56.15,56.15,,,,DA19,,0.719,0.719,0.119,0.119,27.07,27.07,0.19,0.19,−5.05,-5.05,0.23,0.23,,,,,,,,,"M20, X"
Engle_2024,2024,Engle_2024_ApJ_960_62.pdf,Table 2,,xray,GJ 1,GJ 1,,,,,,,56.80,56.8,,,,SM17,,0.725,0.725,0.131,0.131,26.71,26.71,0.28,0.28,−5.27,-5.27,0.34,0.34,,,,,,,,,R
Engle_2024,2024,Engle_2024_ApJ_960_62.pdf,Table 2,,xray,GJ 625,GJ 625,,,,,,,60.70,60.7,,,,1R,,0.761,0.761,0.129,0.129,26.90,26.9,0.14,0.14,−4.82,-4.82,0.17,0.17,,,,,,,,,M20
Engle_2024,2024,Engle_2024_ApJ_960_62.pdf,Table 2,,xray,GJ 433,GJ 433,,,,,,,72.60,72.6,,,,1F,,0.873,0.873,0.156,0.156,26.51,26.51,0.31,0.31,−5.58,-5.58,0.37,0.37,,,,,,,,,"S, M22"
Engle_2024,2024,Engle_2024_ApJ_960_62.pdf,Table 3,,xray,Pleiades/NGC 2516,Pleiades/NGC 2516,,,,,,,…,,,,,…,,−0.870,-0.87,0.120,0.12,28.98,28.98,,,−2.92,-2.92,0.35,0.35,,,,,,,,,N16
Engle_2024,2024,Engle_2024_ApJ_960_62.pdf,Table 3,,xray,LP 263-64,LP 263-64,,,,,,,2.06,2.06,,,,M20,,−0.774,-0.774,0.019,0.019,28.70,28.7,,,−2.95,-2.95,0.12,0.12,,,,,,,,,M22
Engle_2024,2024,Engle_2024_ApJ_960_62.pdf,Table 3,,xray,1RXS J175537.7+485740,1RXS J175537.7+485740,,,,,,,2.24,2.24,,,,M20,,−0.764,-0.764,0.019,0.019,28.57,28.57,,,−3.08,-3.08,0.08,0.08,,,,,,,,,M20
Engle_2024,2024,Engle_2024_ApJ_960_62.pdf,Table 3,,xray,BD+20 2465 (AD Leo),BD+20 2465,,,,,,,2.24,2.24,,,,"1R, M20",,−0.764,-0.764,0.019,0.019,28.81,28.81,,,−3.14,-3.14,0.06,0.06,,,,,,,,,M22
Engle_2024,2024,Engle_2024_ApJ_960_62.pdf,Table 3,,xray,2MASS J16243140+4549570,2MASS J16243140+4549570,,,,,,,2.36,2.36,,,,M20,,−0.758,-0.758,0.019,0.019,28.60,28.6,,,−2.86,-2.86,0.66,0.66,,,,,,,,,M20
Engle_2024,2024,Engle_2024_ApJ_960_62.pdf,Table 3,,xray,LP 302-37,LP 302-37,,,,,,,2.60,2.6,,,,M20,,−0.744,-0.744,0.019,0.019,29.26,29.26,,,−2.98,-2.98,0.10,0.1,,,,,,,,,M20
Engle_2024,2024,Engle_2024_ApJ_960_62.pdf,Table 3,,xray,1RXS J031028.8+285952,1RXS J031028.8+285952,,,,,,,2.87,2.87,,,,M20,,−0.729,-0.729,0.019,0.019,28.40,28.4,,,−3.38,-3.38,0.16,0.16,,,,,,,,,M20
Engle_2024,2024,Engle_2024_ApJ_960_62.pdf,Table 3,,xray,Ross 154 (GJ 729),Ross 154,,,,,,,2.87,2.87,,,,M20,,−0.729,-0.729,0.019,0.019,27.91,27.91,,,−3.28,-3.28,0.24,0.24,,,,,,,,,"C, R, X"
Engle_2024,2024,Engle_2024_ApJ_960_62.pdf,Table 3,,xray,LP 195-34,LP 195-34,,,,,,,3.39,3.39,,,,M20,,−0.700,-0.7,0.019,0.019,28.99,28.99,,,−2.70,-2.7,0.84,0.84,,,,,,,,,"M20, S"
Engle_2024,2024,Engle_2024_ApJ_960_62.pdf,Table 3,,xray,1RXS J222653.9+354610,1RXS J222653.9+354610,,,,,,,3.55,3.55,,,,M20,,−0.691,-0.691,0.019,0.019,28.70,28.7,,,−2.98,-2.98,0.12,0.12,,,,,,,,,M20
Engle_2024,2024,Engle_2024_ApJ_960_62.pdf,Table 3,,xray,2MASS J16182491+4437110,2MASS J16182491+4437110,,,,,,,4.07,4.07,,,,M20,,−0.662,-0.662,0.019,0.019,28.44,28.44,,,−2.99,-2.99,0.10,0.1,,,,,,,,,M20
Engle_2024,2024,Engle_2024_ApJ_960_62.pdf,Table 3,,xray,NGC 6475,NGC 6475,,,,,,,…,,,,,…,,−0.660,-0.66,0.100,0.1,28.91,28.91,,,−3.10,-3.1,0.17,0.17,,,,,,,,,N16
Engle_2024,2024,Engle_2024_ApJ_960_62.pdf,Table 3,,xray,1RXS J174409.9+473444,1RXS J174409.9+473444,,,,,,,4.45,4.45,,,,M20,,−0.640,-0.64,0.019,0.019,28.46,28.46,,,−3.26,-3.26,0.10,0.1,,,,,,,,,"M20, S"
Engle_2024,2024,Engle_2024_ApJ_960_62.pdf,Table 3,,xray,UCAC4 610-011032,UCAC4 610-011032,,,,,,,5.85,5.85,,,,M20,,−0.562,-0.562,0.020,0.02,29.39,29.39,,,−2.79,-2.79,0.02,0.02,,,,,,,,,M20
Engle_2024,2024,Engle_2024_ApJ_960_62.pdf,Table 3,,xray,HAT 214-03527,HAT 214-03527,,,,,,,6.55,6.55,,,,M20,,−0.523,-0.523,0.020,0.02,28.50,28.5,,,−3.34,-3.34,0.16,0.16,,,,,,,,,M20
Engle_2024,2024,Engle_2024_ApJ_960_62.pdf,Table 3,,xray,2MASS J22170696+3627164,2MASS J22170696+3627164,,,,,,,7.04,7.04,,,,M20,,−0.495,-0.495,0.021,0.021,28.62,28.62,,,−3.11,-3.11,0.10,0.1,,,,,,,,,M20
Engle_2024,2024,Engle_2024_ApJ_960_62.pdf,Table 3,,xray,CW UMa,CW UMa,,,,,,,7.78,7.78,,,,M20,,−0.454,-0.454,0.021,0.021,28.61,28.61,,,−3.04,-3.04,0.22,0.22,,,,,,,,,M22
Engle_2024,2024,Engle_2024_ApJ_960_62.pdf,Table 3,,xray,BL Lyn,BL Lyn,,,,,,,7.85,7.85,,,,"1T, M22",,−0.450,-0.45,0.021,0.021,28.88,28.88,,,−3.17,-3.17,0.30,0.3,,,,,,,,,M22
Engle_2024,2024,Engle_2024_ApJ_960_62.pdf,Table 3,,xray,2MASS J08445708+4640261,2MASS J08445708+4640261,,,,,,,8.81,8.81,,,,M20,,−0.396,-0.396,0.022,0.022,29.16,29.16,,,−2.63,-2.63,0.04,0.04,,,,,,,,,M20
Engle_2024,2024,Engle_2024_ApJ_960_62.pdf,Table 3,,xray,LP 197-37,LP 197-37,,,,,,,9.36,9.36,,,,M20,,−0.365,-0.365,0.022,0.022,28.35,28.35,,,−3.50,-3.5,0.08,0.08,,,,,,,,,M20
Engle_2024,2024,Engle_2024_ApJ_960_62.pdf,Table 3,,xray,G 176-13,G 176-13,,,,,,,10.75,10.75,,,,M20,,−0.287,-0.287,0.023,0.023,29.17,29.17,,,−2.76,-2.76,0.08,0.08,,,,,,,,,M20
Engle_2024,2024,Engle_2024_ApJ_960_62.pdf,Table 3,,xray,M37,M37,,,,,,,…,,,,,…,,−0.284,-0.284,0.050,0.05,29.11,29.11,,,−3.14,-3.14,0.40,0.4,,,,,,,,,N16
Engle_2024,2024,Engle_2024_ApJ_960_62.pdf,Table 3,,xray,HAT 170-05945,HAT 170-05945,,,,,,,10.86,10.86,,,,M20,,−0.281,-0.281,0.023,0.023,28.83,28.83,,,−3.28,-3.28,0.16,0.16,,,,,,,,,M20
Engle_2024,2024,Engle_2024_ApJ_960_62.pdf,Table 3,,xray,HAT 136-02868,HAT 136-02868,,,,,,,11.99,11.99,,,,M20,,−0.217,-0.217,0.024,0.024,28.91,28.91,,,−3.02,-3.02,0.10,0.1,,,,,,,,,"C, R"
Engle_2024,2024,Engle_2024_ApJ_960_62.pdf,Table 3,,xray,HAT 216-04245,HAT 216-04245,,,,,,,12.49,12.49,,,,M20,,−0.189,-0.189,0.025,0.025,28.70,28.7,,,−3.14,-3.14,0.17,0.17,,,,,,,,,"R, X"
Engle_2024,2024,Engle_2024_ApJ_960_62.pdf,Table 3,,xray,1RXS J040731.6+340525,1RXS J040731.6+340525,,,,,,,12.54,12.54,,,,M20,,−0.187,-0.187,0.025,0.025,28.90,28.9,,,−3.10,-3.1,0.12,0.12,,,,,,,,,M20
Engle_2024,2024,Engle_2024_ApJ_960_62.pdf,Table 3,,xray,Hyades/Praesepe,Hyades/Praesepe,,,,,,,…,,,,,…,,−0.155,-0.155,0.069,0.069,28.41,28.41,,,−3.37,-3.37,0.53,0.53,,,,,,,,,N16
Engle_2024,2024,Engle_2024_ApJ_960_62.pdf,Table 3,,xray,PM J04310+3647,PM J04310+3647,,,,,,,13.26,13.26,,,,M20,,−0.146,-0.146,0.025,0.025,28.37,28.37,,,−3.45,-3.45,0.10,0.1,,,,,,,,,M20
Engle_2024,2024,Engle_2024_ApJ_960_62.pdf,Table 3,,xray,G 123-35,G 123-35,,,,,,,13.59,13.59,,,,M20,,−0.128,-0.128,0.026,0.026,28.65,28.65,,,−3.02,-3.02,0.07,0.07,,,,,,,,,M20
Engle_2024,2024,Engle_2024_ApJ_960_62.pdf,Table 3,,xray,EPIC 210434976,EPIC 210434976,,,,,,,2.55,2.55,,,,M20,,−0.097,-0.097,0.031,0.031,28.81,28.81,,,−2.58,-2.58,0.55,0.55,,,,,,,,,"F, S"
Engle_2024,2024,Engle_2024_ApJ_960_62.pdf,Table 3,,xray,YZ CMi (GJ 285),YZ CMi,,,,,,,2.78,2.78,,,,M20,,−0.092,-0.092,0.031,0.031,28.50,28.5,,,−3.15,-3.15,0.01,0.01,,,,,,,,,M20
Engle_2024,2024,Engle_2024_ApJ_960_62.pdf,Table 3,,xray,EPIC 204957517,EPIC 204957517,,,,,,,2.82,2.82,,,,M20,,−0.091,-0.091,0.031,0.031,28.61,28.61,,,−2.84,-2.84,0.12,0.12,,,,,,,,,M22
Engle_2024,2024,Engle_2024_ApJ_960_62.pdf,Table 3,,xray,LP 331-57A,LP 331-57A,,,,,,,14.54,14.54,,,,M20,,−0.074,-0.074,0.027,0.027,28.53,28.53,,,−3.21,-3.21,0.06,0.06,,,,,,,,,M20
Engle_2024,2024,Engle_2024_ApJ_960_62.pdf,Table 3,,xray,UCAC4 617-130729,UCAC4 617-130729,,,,,,,14.75,14.75,,,,M20,,−0.063,-0.063,0.027,0.027,29.11,29.11,,,−3.40,-3.4,0.61,0.61,,,,,,,,,M20
Engle_2024,2024,Engle_2024_ApJ_960_62.pdf,Table 3,,xray,HAT 122-01032,HAT 122-01032,,,,,,,4.38,4.38,,,,M20,,−0.052,-0.052,0.031,0.031,28.91,28.91,,,−2.94,-2.94,0.01,0.01,,,,,,,,,M20
Engle_2024,2024,Engle_2024_ApJ_960_62.pdf,Table 3,,xray,UCAC3 242-88245,UCAC3 242-88245,,,,,,,15.10,15.1,,,,M20,,−0.043,-0.043,0.027,0.027,28.61,28.61,,,−3.22,-3.22,0.11,0.11,,,,,,,,,M22
Engle_2024,2024,Engle_2024_ApJ_960_62.pdf,Table 3,,xray,EPIC 206262336,EPIC 206262336,,,,,,,9.71,9.71,,,,M20,,0.082,0.082,0.035,0.035,28.26,28.26,,,−2.95,-2.95,0.04,0.04,,,,,,,,,M20
Engle_2024,2024,Engle_2024_ApJ_960_62.pdf,Table 3,,xray,HG 8-1,HG 8-1,,,,,,,17.57,17.57,,,,M20,,0.096,0.096,0.030,0.03,28.20,28.2,,,−3.61,-3.61,0.25,0.25,,,,,,,,,M20
Engle_2024,2024,Engle_2024_ApJ_960_62.pdf,Table 3,,xray,EPIC 201482319,EPIC 201482319,,,,,,,11.68,11.68,,,,M20,,0.132,0.132,0.037,0.037,28.50,28.5,,,−3.19,-3.19,0.05,0.05,,,,,,,,,M20
Engle_2024,2024,Engle_2024_ApJ_960_62.pdf,Table 3,,xray,G 74-25,G 74-25,,,,,,,15.29,15.29,,,,M20,,0.222,0.222,0.041,0.041,28.47,28.47,,,−3.30,-3.3,0.06,0.06,,,,,,,,,"R, X"
Engle_2024,2024,Engle_2024_ApJ_960_62.pdf,Table 3,,xray,UCAC4 619-055248,UCAC4 619-055248,,,,,,,19.84,19.84,,,,M20,,0.223,0.223,0.032,0.032,28.41,28.41,,,−3.39,-3.39,0.24,0.24,,,,,,,,,F
Engle_2024,2024,Engle_2024_ApJ_960_62.pdf,Table 3,,xray,Ross 868 (GJ 669A),Ross 868,,,,,,,20.95,20.95,,,,1R,,0.285,0.285,0.031,0.031,28.51,28.51,,,−3.33,-3.33,0.35,0.35,,,,,,,,,"C, R"
Engle_2024,2024,Engle_2024_ApJ_960_62.pdf,Table 3,,xray,UCAC4 692-060564,UCAC4 692-060564,,,,,,,21.52,21.52,,,,M20,,0.317,0.317,0.034,0.034,28.63,28.63,,,−3.38,-3.38,0.10,0.1,,,,,,,,,M20
Engle_2024,2024,Engle_2024_ApJ_960_62.pdf,Table 3,,xray,GJ 4334,GJ 4334,,,,,,,23.54,23.54,,,,N16,,0.449,0.449,0.027,0.027,28.46,28.46,,,−3.01,-3.01,0.29,0.29,,,,,,,,,"R, X"
Engle_2024,2024,Engle_2024_ApJ_960_62.pdf,Table 3,,xray,CD-40 5404B (GJ 358),CD-40 5404B,,,,,,,25.26,25.26,,,,1S,,0.472,0.472,0.031,0.031,28.05,28.05,,,−3.90,-3.9,0.18,0.18,,,,,,,,,M20
Engle_2024,2024,Engle_2024_ApJ_960_62.pdf,Table 3,,xray,LP 167-71,LP 167-71,,,,,,,27.82,27.82,,,,M20,,0.483,0.483,0.032,0.032,28.88,28.88,,,−3.07,-3.07,0.04,0.04,,,,,,,,,M20
Engle_2024,2024,Engle_2024_ApJ_960_62.pdf,Table 3,,xray,2MASS J00240376+2626299,2MASS J00240376+2626299,,,,,,,29.84,29.84,,,,M20,,0.491,0.491,0.034,0.034,27.87,27.87,,,−3.53,-3.53,0.16,0.16,,,,,,,,,M20
Engle_2024,2024,Engle_2024_ApJ_960_62.pdf,Table 3,,xray,1RXS J075235.5+410055,1RXS J075235.5+410055,,,,,,,30.33,30.33,,,,M20,,0.493,0.493,0.034,0.034,28.33,28.33,,,−3.40,-3.4,0.16,0.16,,,,,,,,,M20
Engle_2024,2024,Engle_2024_ApJ_960_62.pdf,Table 3,,xray,1RXS J174158.2+475403,1RXS J174158.2+475403,,,,,,,32.23,32.23,,,,M20,,0.500,0.5,0.036,0.036,28.35,28.35,,,−3.31,-3.31,0.14,0.14,,,,,,,,,M20
Engle_2024,2024,Engle_2024_ApJ_960_62.pdf,Table 3,,xray,GJ 674,GJ 674,,,,,,,33.29,33.29,,,,AD17,,0.505,0.505,0.037,0.037,27.52,27.52,,,−4.26,-4.26,0.20,0.2,,,,,,,,,"R, S, X"
Engle_2024,2024,Engle_2024_ApJ_960_62.pdf,Table 3,,xray,2MASS J06170531+8353354,2MASS J06170531+8353354,,,,,,,40.75,40.75,,,,1M,,0.535,0.535,0.043,0.043,27.38,27.38,,,−4.29,-4.29,0.32,0.32,,,,,,,,,"W, R"
Engle_2024,2024,Engle_2024_ApJ_960_62.pdf,Table 3,,xray,2MASS J20125995+0112584,2MASS J20125995+0112584,,,,,,,41.15,41.15,,,,13,,0.537,0.537,0.044,0.044,27.95,27.95,,,−3.29,-3.29,0.59,0.59,,,,,,,,,"C, R"
Engle_2024,2024,Engle_2024_ApJ_960_62.pdf,Table 3,,xray,GJ 752A,GJ 752A,,,,,,,46.60,46.6,,,,1H,,0.559,0.559,0.049,0.049,26.91,26.91,,,−5.12,-5.12,0.21,0.21,,,,,,,,,R
Engle_2024,2024,Engle_2024_ApJ_960_62.pdf,Table 3,,xray,GJ 588,GJ 588,,,,,,,51.70,51.7,,,,1H,,0.579,0.579,0.055,0.055,26.92,26.92,,,−4.67,-4.67,0.24,0.24,,,,,,,,,R
Engle_2024,2024,Engle_2024_ApJ_960_62.pdf,Table 3,,xray,2MASS J06575703+6219197,2MASS J06575703+6219197,,,,,,,54.50,54.5,,,,M20,,0.591,0.591,0.057,0.057,27.83,27.83,,,−3.56,-3.56,0.08,0.08,,,,,,,,,M20
Engle_2024,2024,Engle_2024_ApJ_960_62.pdf,Table 3,,xray,2MASS J16492028+5101177,2MASS J16492028+5101177,,,,,,,54.71,54.71,,,,M20,,0.591,0.591,0.058,0.058,26.89,26.89,,,−4.77,-4.77,0.52,0.52,,,,,,,,,M20
Engle_2024,2024,Engle_2024_ApJ_960_62.pdf,Table 3,,xray,GJ 163,GJ 163,,,,,,,56.04,56.04,,,,1M,,0.597,0.597,0.060,0.06,26.87,26.87,,,−5.09,-5.09,0.18,0.18,,,,,,,,,Fo22
Engle_2024,2024,Engle_2024_ApJ_960_62.pdf,Table 3,,xray,2MASS J05011802+2237015,2MASS J05011802+2237015,,,,,,,70.67,70.67,,,,M20,,0.656,0.656,0.076,0.076,27.40,27.4,,,−3.59,-3.59,0.14,0.14,,,,,,,,,M20
Engle_2024,2024,Engle_2024_ApJ_960_62.pdf,Table 3,,xray,2MASS J19310458-0306186,2MASS J19310458-0306186,,,,,,,70.92,70.92,,,,M20,,0.657,0.657,0.076,0.076,26.82,26.82,,,−3.94,-3.94,0.13,0.13,,,,,,,,,M20
Engle_2024,2024,Engle_2024_ApJ_960_62.pdf,Table 3,,xray,GJ 436,GJ 436,,,,,,,71.40,71.4,,,,1R,,0.659,0.659,0.076,0.076,26.85,26.85,,,−5.11,-5.11,0.55,0.55,,,,,,,,,"C, R, X"
Engle_2024,2024,Engle_2024_ApJ_960_62.pdf,Table 3,,xray,2MASS J13505181+3644168,2MASS J13505181+3644168,,,,,,,72.18,72.18,,,,M20,,0.662,0.662,0.077,0.077,26.84,26.84,,,−4.62,-4.62,0.36,0.36,,,,,,,,,M20
Engle_2024,2024,Engle_2024_ApJ_960_62.pdf,Table 3,,xray,2MASS J17311725+8205198,2MASS J17311725+8205198,,,,,,,79.22,79.22,,,,M20,,0.691,0.691,0.085,0.085,27.40,27.4,,,−3.70,-3.7,0.11,0.11,,,,,,,,,M20
Engle_2024,2024,Engle_2024_ApJ_960_62.pdf,Table 3,,xray,GJ 3253,GJ 3253,,,,,,,81.55,81.55,,,,M20,,0.700,0.7,0.088,0.088,26.94,26.94,,,−4.16,-4.16,0.05,0.05,,,,,,,,,M20
Engle_2024,2024,Engle_2024_ApJ_960_62.pdf,Table 3,,xray,2MASS J03103891+2540535,2MASS J03103891+2540535,,,,,,,82.83,82.83,,,,M20,,0.706,0.706,0.089,0.089,26.95,26.95,,,−4.45,-4.45,0.36,0.36,,,,,,,,,M20
Engle_2024,2024,Engle_2024_ApJ_960_62.pdf,Table 3,,xray,GJ 357,GJ 357,,,,,,,86.10,86.1,,,,1H,,0.719,0.719,0.093,0.093,26.94,26.94,,,−4.70,-4.7,0.30,0.3,,,,,,,,,X
Engle_2024,2024,Engle_2024_ApJ_960_62.pdf,Table 3,,xray,G 184-31,G 184-31,,,,,,,86.25,86.25,,,,M20,,0.719,0.719,0.093,0.093,26.72,26.72,,,−4.41,-4.41,0.11,0.11,,,,,,,,,M20
Engle_2024,2024,Engle_2024_ApJ_960_62.pdf,Table 3,,xray,EPIC 206019392 (G 876),EPIC 206019392,,,,,,,87.95,87.95,,,,1A,,0.726,0.726,0.095,0.095,26.34,26.34,,,−5.38,-5.38,0.12,0.12,,,,,,,,,"F, X"
Engle_2024,2024,Engle_2024_ApJ_960_62.pdf,Table 3,,xray,GJ 551,GJ 551,,,,,,,88.98,88.98,,,,1S,,0.730,0.73,0.096,0.096,26.52,26.52,,,−4.27,-4.27,0.47,0.47,,,,,,,,,W
Engle_2024,2024,Engle_2024_ApJ_960_62.pdf,Table 3,,xray,2MASS J18551471-7115026,2MASS J18551471-7115026,,,,,,,90.69,90.69,,,,M20,,0.737,0.737,0.098,0.098,26.63,26.63,,,−4.95,-4.95,0.36,0.36,,,,,,,,,M20
Engle_2024,2024,Engle_2024_ApJ_960_62.pdf,Table 3,,xray,2MASS J14211512-0107199,2MASS J14211512-0107199,,,,,,,91.41,91.41,,,,M20,,0.740,0.74,0.099,0.099,26.27,26.27,,,−5.13,-5.13,0.36,0.36,,,,,,,,,M20
Engle_2024,2024,Engle_2024_ApJ_960_62.pdf,Table 3,,xray,2MASS J05015746-0656459,2MASS J05015746-0656459,,,,,,,92.15,92.15,,,,M20,,0.743,0.743,0.101,0.101,27.32,27.32,,,−3.82,-3.82,0.10,0.1,,,,,,,,,"C, R"
Engle_2024,2024,Engle_2024_ApJ_960_62.pdf,Table 3,,xray,2MASS J19194119-5955194,2MASS J19194119-5955194,,,,,,,92.69,92.69,,,,M20,,0.745,0.745,0.100,0.1,26.36,26.36,,,−5.05,-5.05,0.36,0.36,,,,,,,,,M20
Engle_2024,2024,Engle_2024_ApJ_960_62.pdf,Table 3,,xray,2MASS J23351050-0223214,2MASS J23351050-0223214,,,,,,,100.40,100.4,,,,M20,,0.777,0.777,0.110,0.11,26.05,26.05,,,−4.71,-4.71,0.52,0.52,,,,,,,,,M20
Engle_2024,2024,Engle_2024_ApJ_960_62.pdf,Table 3,,xray,GJ 667C,GJ 667C,,,,,,,103.10,103.1,,,,1H,,0.788,0.788,0.112,0.112,26.69,26.69,,,−5.06,-5.06,0.34,0.34,,,,,,,,,"C, R"
Engle_2024,2024,Engle_2024_ApJ_960_62.pdf,Table 3,,xray,2MASS J20403364+1529572,2MASS J20403364+1529572,,,,,,,104.60,104.6,,,,M20,,0.794,0.794,0.114,0.114,26.60,26.6,,,−4.62,-4.62,0.16,0.16,,,,,,,,,M20
Engle_2024,2024,Engle_2024_ApJ_960_62.pdf,Table 3,,xray,GJ 628,GJ 628,,,,,,,108.70,108.7,,,,1R,,0.810,0.81,0.119,0.119,26.40,26.4,,,−5.21,-5.21,0.66,0.66,,,,,,,,,"C, R"
Engle_2024,2024,Engle_2024_ApJ_960_62.pdf,Table 3,,xray,EPIC 201518346,EPIC 201518346,,,,,,,112.83,112.83,,,,M20,,0.827,0.827,0.124,0.124,26.74,26.74,,,−4.42,-4.42,0.04,0.04,,,,,,,,,M20
Engle_2024,2024,Engle_2024_ApJ_960_62.pdf,Table 3,,xray,EPIC 205913009 (GJ 1265),EPIC 205913009,,,,,,,116.40,116.4,,,,M20,,0.841,0.841,0.129,0.129,26.03,26.03,,,−5.11,-5.11,0.04,0.04,,,,,,,,,M20
Engle_2024,2024,Engle_2024_ApJ_960_62.pdf,Table 3,,xray,2MASS J11505787+4822395,2MASS J11505787+4822395,,,,,,,117.50,117.5,,,,M20,,0.846,0.846,0.129,0.129,26.20,26.2,,,−4.92,-4.92,0.36,0.36,,,,,,,,,M20
Engle_2024,2024,Engle_2024_ApJ_960_62.pdf,Table 3,,xray,GJ 447,GJ 447,,,,,,,124.95,124.95,,,,1R,,0.876,0.876,0.139,0.139,26.71,26.71,,,−4.88,-4.88,0.43,0.43,,,,,,,,,M22
Engle_2024,2024,Engle_2024_ApJ_960_62.pdf,Table 3,,xray,2MASS J19204795-4533283,2MASS J19204795-4533283,,,,,,,133.90,133.9,,,,M20,,0.912,0.912,0.149,0.149,26.51,26.51,,,−4.66,-4.66,0.36,0.36,,,,,,,,,M20
Engle_2024,2024,Engle_2024_ApJ_960_62.pdf,Table 3,,xray,GJ 699,GJ 699,,,,,,,149.50,149.5,,,,"1AR,3",,0.968,0.968,0.069,0.069,25.53,25.53,,,−5.57,-5.57,0.65,0.65,,,,,,,,,"F20, R"
Engle_2024,2024,Engle_2024_ApJ_960_62.pdf,Table 3,,xray,GJ 273,GJ 273,,,,,,,160.83,160.83,,,,1R,,0.968,0.968,0.069,0.069,26.36,26.36,,,−5.23,-5.23,0.38,0.38,,,,,,,,,R
Engle_2024,2024,Engle_2024_ApJ_960_62.pdf,Table 3,,xray,GJ 581,GJ 581,,,,,,,147.80,147.8,,,,1AR,,0.968,0.968,0.069,0.069,25.73,25.73,,,−5.94,-5.94,0.66,0.66,,,,,,,,,"C, S"
Engle_2024,2024,Engle_2024_ApJ_960_62.pdf,Table 3,,xray,GJ 191,GJ 191,,,,,,,153.20,153.2,,,,1S,,1.021,1.021,0.046,0.046,26.46,26.46,,,−5.23,-5.23,0.60,0.6,,,,,,,,,"C, R, S, X"
Engle_2024,2024,Engle_2024_ApJ_960_62.pdf,Table 4,,lya,au Mic,au Mic,,,,,,,4.86,4.86,,,,K19,,−0.742,-0.742,0.040,0.04,,,,,,,,,−3.500,-3.5,0.019,0.019,,,,,
Engle_2024,2024,Engle_2024_ApJ_960_62.pdf,Table 4,,lya,HIP 23309,HIP 23309,,,,,,,8.60,8.6,,,,M10,,−0.510,-0.51,0.043,0.043,,,,,,,,,−4.163,-4.163,0.087,0.087,,,,,
Engle_2024,2024,Engle_2024_ApJ_960_62.pdf,Table 4,,lya,GJ 410,GJ 410,,,,,,,14.52,14.52,,,,1R,,−0.142,-0.142,0.052,0.052,,,,,,,,,−3.306,-3.306,0.922,0.922,,,,,
Engle_2024,2024,Engle_2024_ApJ_960_62.pdf,Table 4,,lya,GJ 49,GJ 49,,,,,,,19.45,19.45,,,,1R,,0.164,0.164,0.060,0.06,,,,,,,,,−3.931,-3.931,0.804,0.804,,,,,
Engle_2024,2024,Engle_2024_ApJ_960_62.pdf,Table 4,,lya,GJ 649,GJ 649,,,,,,,21.42,21.42,,,,1R,,0.286,0.286,0.065,0.065,,,,,,,,,−4.044,-4.044,0.300,0.3,,,,,
Engle_2024,2024,Engle_2024_ApJ_960_62.pdf,Table 4,,lya,GJ 3470,GJ 3470,,,,,,,21.54,21.54,,,,Ko19,,0.294,0.294,0.071,0.071,,,,,,,,,−4.170,-4.17,0.300,0.3,,,,,
Engle_2024,2024,Engle_2024_ApJ_960_62.pdf,Table 4,,lya,GJ 887,GJ 887,,,,,,,33.00,33.0,,,,AD17,,0.503,0.503,0.072,0.072,,,,,,,,,−4.077,-4.077,0.300,0.3,,,,,
Engle_2024,2024,Engle_2024_ApJ_960_62.pdf,Table 4,,lya,GJ 205,GJ 205,,,,,,,33.72,33.72,,,,1R,,0.509,0.509,0.072,0.072,,,,,,,,,−4.112,-4.112,0.300,0.3,,,,,
Engle_2024,2024,Engle_2024_ApJ_960_62.pdf,Table 4,,lya,GJ 832,GJ 832,,,,,,,38.10,38.1,,,,1S,,0.550,0.55,0.081,0.081,,,,,,,,,−4.635,-4.635,0.032,0.032,,,,,
Engle_2024,2024,Engle_2024_ApJ_960_62.pdf,Table 4,,lya,GJ 176,GJ 176,,,,,,,39.30,39.3,,,,1AR,,0.561,0.561,0.083,0.083,,,,,,,,,−4.515,-4.515,0.026,0.026,,,,,
Engle_2024,2024,Engle_2024_ApJ_960_62.pdf,Table 4,,lya,GJ 15A,GJ 15A,,,,,,,50.69,50.69,,,,1R,,0.668,0.668,0.107,0.107,,,,,,,,,−4.302,-4.302,0.300,0.3,,,,,
Engle_2024,2024,Engle_2024_ApJ_960_62.pdf,Table 4,,lya,GJ 411,GJ 411,,,,,,,56.15,56.15,,,,D19,,0.719,0.719,0.119,0.119,,,,,,,,,−4.834,-4.834,0.300,0.3,,,,,
Engle_2024,2024,Engle_2024_ApJ_960_62.pdf,Table 5,,lya,AD Leo (GJ 388),AD Leo,,,,,,,2.24,2.24,,,,"1R, Mo08",,−0.764,-0.764,0.019,0.019,,,,,,,,,−3.576,-3.576,0.013,0.013,,,,,
Engle_2024,2024,Engle_2024_ApJ_960_62.pdf,Table 5,,lya,HIP 112312,HIP 112312,,,,,,,2.355,2.355,,,,M10,,−0.758,-0.758,0.019,0.019,,,,,,,,,−3.170,-3.17,0.075,0.075,,,,,
Engle_2024,2024,Engle_2024_ApJ_960_62.pdf,Table 5,,lya,YZ CMi (GJ 285),YZ CMi,,,,,,,2.7758,2.7758,,,,Mo08,,−0.092,-0.092,0.031,0.031,,,,,,,,,−3.218,-3.218,0.300,0.3,,,,,
Engle_2024,2024,Engle_2024_ApJ_960_62.pdf,Table 5,,lya,GJ 729,GJ 729,,,,,,,2.90,2.9,,,,KS12,,−0.727,-0.727,0.019,0.019,,,,,,,,,−3.483,-3.483,0.300,0.3,,,,,
Engle_2024,2024,Engle_2024_ApJ_960_62.pdf,Table 5,,lya,HIP 17695,HIP 17695,,,,,,,3.87,3.87,,,,M10,,−0.673,-0.673,0.019,0.019,,,,,,,,,−3.356,-3.356,0.064,0.064,,,,,
Engle_2024,2024,Engle_2024_ApJ_960_62.pdf,Table 5,,lya,EV Lac (GJ 873),EV Lac,,,,,,,4.3715,4.3715,,,,Mo08,,−0.052,-0.052,0.031,0.031,,,,,,,,,−3.769,-3.769,0.095,0.095,,,,,
Engle_2024,2024,Engle_2024_ApJ_960_62.pdf,Table 5,,lya,GJ 4334,GJ 4334,,,,,,,23.54,23.54,,,,"N16, DA19",,0.449,0.449,0.027,0.027,,,,,,,,,−3.828,-3.828,0.882,0.882,,,,,
Engle_2024,2024,Engle_2024_ApJ_960_62.pdf,Table 5,,lya,LHS 2686,LHS 2686,,,,,,,28.80,28.8,,,,"N16, DA19",,0.486,0.486,0.034,0.034,,,,,,,,,−4.020,-4.02,0.300,0.3,,,,,
Engle_2024,2024,Engle_2024_ApJ_960_62.pdf,Table 5,,lya,GJ 674,GJ 674,,,,,,,33.30,33.3,,,,KS07,,0.505,0.505,0.037,0.037,,,,,,,,,−4.060,-4.06,0.300,0.3,,,,,
Engle_2024,2024,Engle_2024_ApJ_960_62.pdf,Table 5,,lya,GJ 163,GJ 163,,,,,,,56.04,56.04,,,,1M,,0.597,0.597,0.060,0.06,,,,,,,,,−4.326,-4.326,0.300,0.3,,,,,
Engle_2024,2024,Engle_2024_ApJ_960_62.pdf,Table 5,,lya,GJ 588,GJ 588,,,,,,,61.30,61.3,,,,AM15,,0.618,0.618,0.070,0.07,,,,,,,,,−4.153,-4.153,0.300,0.3,,,,,
Engle_2024,2024,Engle_2024_ApJ_960_62.pdf,Table 5,,lya,GJ 436,GJ 436,,,,,,,71.40,71.4,,,,1R,,0.659,0.659,0.076,0.076,,,,,,,,,−4.590,-4.59,0.070,0.07,,,,,
Engle_2024,2024,Engle_2024_ApJ_960_62.pdf,Table 5,,lya,GJ 849,GJ 849,,,,,,,71.95,71.95,,,,1R,,0.661,0.661,0.077,0.077,,,,,,,,,−4.432,-4.432,0.300,0.3,,,,,
Engle_2024,2024,Engle_2024_ApJ_960_62.pdf,Table 5,,lya,GJ 876,GJ 876,,,,,,,87.30,87.3,,,,1A,,0.723,0.723,0.097,0.097,,,,,,,,,−4.678,-4.678,0.051,0.051,,,,,
Engle_2024,2024,Engle_2024_ApJ_960_62.pdf,Table 5,,lya,Proxima Cen (GJ 551),Proxima Cen,,,,,,,88.98,88.98,,,,1S,,0.730,0.73,0.096,0.096,,,,,,,,,−3.795,-3.795,0.008,0.008,,,,,
Engle_2024,2024,Engle_2024_ApJ_960_62.pdf,Table 5,,lya,GJ 667C,GJ 667C,,,,,,,103.10,103.1,,,,1H,,0.788,0.788,0.112,0.112,,,,,,,,,−4.227,-4.227,0.083,0.083,,,,,
Engle_2024,2024,Engle_2024_ApJ_960_62.pdf,Table 5,,lya,GJ 1214,GJ 1214,,,,,,,125.00,125.0,,,,Ma18,,0.876,0.876,0.140,0.14,,,,,,,,,−4.592,-4.592,0.297,0.297,,,,,
Engle_2024,2024,Engle_2024_ApJ_960_62.pdf,Table 5,,lya,GJ 1132,GJ 1132,,,,,,,129.15,129.15,,,,N18,,0.893,0.893,0.144,0.144,,,,,,,,,−4.535,-4.535,0.249,0.249,,,,,
Engle_2024,2024,Engle_2024_ApJ_960_62.pdf,Table 5,,lya,GJ 581,GJ 581,,,,,,,132.50,132.5,,,,SM15,,0.968,0.968,0.069,0.069,,,,,,,,,−4.957,-4.957,0.126,0.126,,,,,
Engle_2024,2024,Engle_2024_ApJ_960_62.pdf,Table 5,,lya,Barnard's Star (GJ 699),Barnard's Star,,,,,,,149.50,149.5,,,,1R,,0.968,0.968,0.069,0.069,,,,,,,,,−4.746,-4.746,0.009,0.009,,,,,
Engle_2024,2024,Engle_2024_ApJ_960_62.pdf,Table 5,,lya,Luyten's Star (GJ 273),Luyten's Star,,,,,,,160.83,160.83,,,,1R,,0.968,0.968,0.069,0.069,,,,,,,,,−4.213,-4.213,0.300,0.3,,,,,
Engle_2024,2024,Engle_2024_ApJ_960_62.pdf,Table 5,,lya,Kapteyn's Star (GJ 191),Kapteyn's Star,,,,,,,153.20,153.2,,,,1S,,1.061,1.061,0.046,0.046,,,,,,,,,−4.969,-4.969,0.300,0.3,,,,,
Engle_2024,2024,Engle_2024_ApJ_960_62.pdf,Table 6,,caii,GJ103,GJ103,,,,,,,1.56,1.56,,,,AD17,,−0.947,-0.947,0.038,0.038,,,,,,,,,,,,,−3.877,-3.877,0.100,0.1,
Engle_2024,2024,Engle_2024_ApJ_960_62.pdf,Table 6,,caii,Pleiades,Pleiades,,,,,,,…,,,,,−0.870,,0.120,0.12,−4.170,-4.17,,,,,,,,,,,,,0.290,0.29,…,,
Engle_2024,2024,Engle_2024_ApJ_960_62.pdf,Table 6,,caii,GJ 494,GJ 494,,,,,,,2.89,2.89,,,,AD17,,−0.864,-0.864,0.039,0.039,,,,,,,,,,,,,−3.930,-3.93,0.130,0.13,
Engle_2024,2024,Engle_2024_ApJ_960_62.pdf,Table 6,,caii,GJ 9520,GJ 9520,,,,,,,3.37,3.37,,,,AD17,,−0.834,-0.834,0.039,0.039,,,,,,,,,,,,,−3.978,-3.978,0.750,0.75,
Engle_2024,2024,Engle_2024_ApJ_960_62.pdf,Table 6,,caii,GJ 867A,GJ 867A,,,,,,,4.23,4.23,,,,AD17,,−0.781,-0.781,0.039,0.039,,,,,,,,,,,,,−4.149,-4.149,0.120,0.12,
Engle_2024,2024,Engle_2024_ApJ_960_62.pdf,Table 6,,caii,GJ 182,GJ 182,,,,,,,4.41,4.41,,,,AD17,,−0.770,-0.77,0.040,0.04,,,,,,,,,,,,,−3.865,-3.865,0.450,0.45,
Engle_2024,2024,Engle_2024_ApJ_960_62.pdf,Table 6,,caii,GJ 803,GJ 803,,,,,,,4.85,4.85,,,,AD17,,−0.743,-0.743,0.040,0.04,,,,,,,,,,,,,−4.022,-4.022,0.210,0.21,
Engle_2024,2024,Engle_2024_ApJ_960_62.pdf,Table 6,,caii,GJ 1264,GJ 1264,,,,,,,6.67,6.67,,,,AD17,,−0.629,-0.629,0.041,0.041,,,,,,,,,,,,,−3.994,-3.994,0.190,0.19,
Engle_2024,2024,Engle_2024_ApJ_960_62.pdf,Table 6,,caii,GJ 208,GJ 208,,,,,,,11.49,11.49,,,,M22,,−0.330,-0.33,0.052,0.052,,,,,,,,,,,,,−4.140,-4.14,0.625,0.625,
Engle_2024,2024,Engle_2024_ApJ_960_62.pdf,Table 6,,caii,GJ 3685,GJ 3685,,,,,,,11.60,11.6,,,,P23,,−0.323,-0.323,0.048,0.048,,,,,,,,,,,,,−4.229,-4.229,0.402,0.402,
Engle_2024,2024,Engle_2024_ApJ_960_62.pdf,Table 6,,caii,GJ 3367,GJ 3367,,,,,,,12.05,12.05,,,,AD17,,−0.295,-0.295,0.048,0.048,,,,,,,,,,,,,−4.088,-4.088,1.157,1.157,
Engle_2024,2024,Engle_2024_ApJ_960_62.pdf,Table 6,,caii,DS Leo(GJ 410),DS Leo,,,,,,,14.52,14.52,,,,1A,,−0.142,-0.142,0.052,0.052,,,,,,,,,,,,,−4.123,-4.123,0.352,0.352,
Engle_2024,2024,Engle_2024_ApJ_960_62.pdf,Table 6,,caii,Hyades,Hyades,,,,,,,…,,,,,…,,−0.137,-0.137,0.070,0.07,,,,,,,,,,,,,−4.510,-4.51,0.360,0.36,
Engle_2024,2024,Engle_2024_ApJ_960_62.pdf,Table 6,,caii,GJ 3942,GJ 3942,,,,,,,16.3,16.3,,,,SM18,,−0.031,-0.031,0.055,0.055,,,,,,,,,,,,,−4.550,-4.55,0.100,0.1,
Engle_2024,2024,Engle_2024_ApJ_960_62.pdf,Table 6,,caii,GJ 338A,GJ 338A,,,,,,,16.3,16.3,,,,SM18,,−0.031,-0.031,0.159,0.159,,,,,,,,,,,,,−4.455,-4.455,0.100,0.1,
Engle_2024,2024,Engle_2024_ApJ_960_62.pdf,Table 6,,caii,GJ 338B,GJ 338B,,,,,,,16.61,16.61,,,,R23,,−0.012,-0.012,0.055,0.055,,,,,,,,,,,,,−4.470,-4.47,0.100,0.1,
Engle_2024,2024,Engle_2024_ApJ_960_62.pdf,Table 6,,caii,GJ 373,GJ 373,,,,,,,17.18,17.18,,,,1T,,0.023,0.023,0.084,0.084,,,,,,,,,,,,,−4.423,-4.423,0.057,0.057,
Engle_2024,2024,Engle_2024_ApJ_960_62.pdf,Table 6,,caii,GJ 694.2,GJ 694.2,,,,,,,17.3,17.3,,,,SM18,,0.031,0.031,0.057,0.057,,,,,,,,,,,,,−4.460,-4.46,0.150,0.15,
Engle_2024,2024,Engle_2024_ApJ_960_62.pdf,Table 6,,caii,GJ 21,GJ 21,,,,,,,17.4,17.4,,,,SM18,,0.037,0.037,0.089,0.089,,,,,,,,,,,,,−4.720,-4.72,0.030,0.03,
Engle_2024,2024,Engle_2024_ApJ_960_62.pdf,Table 6,,caii,GJ 3822,GJ 3822,,,,,,,18.3,18.3,,,,SM18,,0.093,0.093,0.058,0.058,,,,,,,,,,,,,−4.700,-4.7,0.040,0.04,
Engle_2024,2024,Engle_2024_ApJ_960_62.pdf,Table 6,,caii,GJ 49,GJ 49,,,,,,,19.45,19.45,,,,1R,,0.164,0.164,0.060,0.06,,,,,,,,,,,,,−4.401,-4.401,0.588,0.588,
Engle_2024,2024,Engle_2024_ApJ_960_62.pdf,Table 6,,caii,GJ 606,GJ 606,,,,,,,20,20.0,,,,SM18,,0.198,0.198,0.138,0.138,,,,,,,,,,,,,−4.890,-4.89,0.060,0.06,
Engle_2024,2024,Engle_2024_ApJ_960_62.pdf,Table 6,,caii,GJ 3218,GJ 3218,,,,,,,21.10,21.1,,,,R23,,0.267,0.267,0.065,0.065,,,,,,,,,,,,,−4.517,-4.517,0.276,0.276,
Engle_2024,2024,Engle_2024_ApJ_960_62.pdf,Table 6,,caii,GJ 2,GJ 2,,,,,,,21.2,21.2,,,,GA19,,0.273,0.273,0.071,0.071,,,,,,,,,,,,,−4.622,-4.622,0.540,0.54,
Engle_2024,2024,Engle_2024_ApJ_960_62.pdf,Table 6,,caii,GJ 382,GJ 382,,,,,,,21.20,21.2,,,,SM16,,0.273,0.273,0.064,0.064,,,,,,,,,,,,,−4.655,-4.655,0.247,0.247,
Engle_2024,2024,Engle_2024_ApJ_960_62.pdf,Table 6,,caii,GJ 649,GJ 649,,,,,,,21.34,21.34,,,,1R,,0.282,0.282,0.066,0.066,,,,,,,,,,,,,−4.621,-4.621,0.695,0.695,
Engle_2024,2024,Engle_2024_ApJ_960_62.pdf,Table 6,,caii,GJ 3470,GJ 3470,,,,,,,21.54,21.54,,,,K19,,0.294,0.294,0.071,0.071,,,,,,,,,,,,,−4.883,-4.883,0.210,0.21,
Engle_2024,2024,Engle_2024_ApJ_960_62.pdf,Table 6,,caii,GJ 685,GJ 685,,,,,,,21.83,21.83,,,,1A,,0.312,0.312,0.242,0.242,,,,,,,,,,,,,−4.596,-4.596,0.036,0.036,
Engle_2024,2024,Engle_2024_ApJ_960_62.pdf,Table 6,,caii,GJ 450,GJ 450,,,,,,,22.8,22.8,,,,DA19,,0.372,0.372,0.091,0.091,,,,,,,,,,,,,−4.622,-4.622,0.392,0.392,
Engle_2024,2024,Engle_2024_ApJ_960_62.pdf,Table 6,,caii,GJ 9404,GJ 9404,,,,,,,23.2,23.2,,,,SM18,,0.403,0.403,0.049,0.049,,,,,,,,,,,,,−4.710,-4.71,0.040,0.04,
Engle_2024,2024,Engle_2024_ApJ_960_62.pdf,Table 6,,caii,GJ 846,GJ 846,,,,,,,26.30,26.3,,,,SM15,,0.440,0.44,0.080,0.08,,,,,,,,,,,,,−4.820,-4.82,0.080,0.08,
Engle_2024,2024,Engle_2024_ApJ_960_62.pdf,Table 6,,caii,GJ 4057,GJ 4057,,,,,,,26.7,26.7,,,,SM18,,0.444,0.444,0.061,0.061,,,,,,,,,,,,,−5.030,-5.03,0.040,0.04,
Engle_2024,2024,Engle_2024_ApJ_960_62.pdf,Table 6,,caii,GJ 4306,GJ 4306,,,,,,,27,27.0,,,,SM18,,0.447,0.447,0.066,0.066,,,,,,,,,,,,,−4.840,-4.84,0.040,0.04,
Engle_2024,2024,Engle_2024_ApJ_960_62.pdf,Table 6,,caii,GJ 229,GJ 229,,,,,,,27.3,27.3,,,,SM16,,0.450,0.45,0.062,0.062,,,,,,,,,,,,,−4.773,-4.773,0.275,0.275,
Engle_2024,2024,Engle_2024_ApJ_960_62.pdf,Table 6,,caii,GJ 740,GJ 740,,,,,,,27.51,27.51,,,,1AS,,0.451,0.451,0.062,0.062,,,,,,,,,,,,,−4.578,-4.578,0.367,0.367,
Engle_2024,2024,Engle_2024_ApJ_960_62.pdf,Table 6,,caii,GJ 514,GJ 514,,,,,,,30,30.0,,,,SM17,,0.475,0.475,0.067,0.067,,,,,,,,,,,,,−4.879,-4.879,0.127,0.127,
Engle_2024,2024,Engle_2024_ApJ_960_62.pdf,Table 6,,caii,GJ 1030,GJ 1030,,,,,,,32,32.0,,,,SM18,,0.493,0.493,0.075,0.075,,,,,,,,,,,,,−4.840,-4.84,0.060,0.06,
Engle_2024,2024,Engle_2024_ApJ_960_62.pdf,Table 6,,caii,GJ 162,GJ 162,,,,,,,32.4,32.4,,,,SM18,,0.497,0.497,0.071,0.071,,,,,,,,,,,,,−4.950,-4.95,0.040,0.04,
Engle_2024,2024,Engle_2024_ApJ_960_62.pdf,Table 6,,caii,GJ 3998,GJ 3998,,,,,,,33.6,33.6,,,,SM18,,0.508,0.508,0.079,0.079,,,,,,,,,,,,,−5.010,-5.01,0.050,0.05,
Engle_2024,2024,Engle_2024_ApJ_960_62.pdf,Table 6,,caii,GJ 205,GJ 205,,,,,,,33.72,33.72,,,,1R,,0.509,0.509,0.072,0.072,,,,,,,,,,,,,−4.743,-4.743,0.393,0.393,
Engle_2024,2024,Engle_2024_ApJ_960_62.pdf,Table 6,,caii,GJ 393,GJ 393,,,,,,,34.15,34.15,,,,AD17,,0.513,0.513,0.074,0.074,,,,,,,,,,,,,−5.031,-5.031,0.106,0.106,
Engle_2024,2024,Engle_2024_ApJ_960_62.pdf,Table 6,,caii,GJ 720A,GJ 720A,,,,,,,34.5,34.5,,,,SM18,,0.517,0.517,0.086,0.086,,,,,,,,,,,,,−4.859,-4.859,0.170,0.17,
Engle_2024,2024,Engle_2024_ApJ_960_62.pdf,Table 6,,caii,GJ 47,GJ 47,,,,,,,34.7,34.7,,,,SM18,,0.518,0.518,0.074,0.074,,,,,,,,,,,,,−4.910,-4.91,0.060,0.06,
Engle_2024,2024,Engle_2024_ApJ_960_62.pdf,Table 6,,caii,GJ 9689,GJ 9689,,,,,,,35.7,35.7,,,,SM18,,0.528,0.528,0.076,0.076,,,,,,,,,,,,,−4.820,-4.82,0.050,0.05,
Engle_2024,2024,Engle_2024_ApJ_960_62.pdf,Table 6,,caii,GJ 548A,GJ 548A,,,,,,,36.6,36.6,,,,SM18,,0.536,0.536,0.078,0.078,,,,,,,,,,,,,−4.780,-4.78,0.030,0.03,
Engle_2024,2024,Engle_2024_ApJ_960_62.pdf,Table 6,,caii,GJ 3997,GJ 3997,,,,,,,37,37.0,,,,SM18,,0.540,0.54,0.144,0.144,,,,,,,,,,,,,−4.780,-4.78,0.030,0.03,
Engle_2024,2024,Engle_2024_ApJ_960_62.pdf,Table 6,,caii,GJ 880,GJ 880,,,,,,,37.5,37.5,,,,AD17,,0.544,0.544,0.079,0.079,,,,,,,,,,,,,−4.741,-4.741,0.585,0.585,
Engle_2024,2024,Engle_2024_ApJ_960_62.pdf,Table 6,,caii,GJ 832,GJ 832,,,,,,,38.1,38.1,,,,1S,,0.550,0.55,0.079,0.079,,,,,,,,,,,,,−5.148,-5.148,0.172,0.172,
Engle_2024,2024,Engle_2024_ApJ_960_62.pdf,Table 6,,caii,GJ 2066,GJ 2066,,,,,,,40.7,40.7,,,,AD17,,0.574,0.574,0.086,0.086,,,,,,,,,,,,,−5.220,-5.22,0.077,0.077,
Engle_2024,2024,Engle_2024_ApJ_960_62.pdf,Table 6,,caii,GJ 676A,GJ 676A,,,,,,,41.2,41.2,,,,SM15,,0.579,0.579,0.094,0.094,,,,,,,,,,,,,−5.033,-5.033,0.110,0.11,
Engle_2024,2024,Engle_2024_ApJ_960_62.pdf,Table 6,,caii,GJ 156.1A,GJ 156.1A,,,,,,,41.2,41.2,,,,SM18,,0.579,0.579,0.105,0.105,,,,,,,,,,,,,−5.040,-5.04,0.040,0.04,
Engle_2024,2024,Engle_2024_ApJ_960_62.pdf,Table 6,,caii,GJ 3138,GJ 3138,,,,,,,42,42.0,,,,AD17,,0.587,0.587,0.088,0.088,,,,,,,,,,,,,−4.855,-4.855,0.126,0.126,
Engle_2024,2024,Engle_2024_ApJ_960_62.pdf,Table 6,,caii,GJ 552,GJ 552,,,,,,,43.5,43.5,,,,SM18,,0.601,0.601,0.092,0.092,,,,,,,,,,,,,−5.070,-5.07,0.040,0.04,
Engle_2024,2024,Engle_2024_ApJ_960_62.pdf,Table 6,,caii,GJ 15A,GJ 15A,,,,,,,44.99,44.99,,,,1R,,0.615,0.615,0.099,0.099,,,,,,,,,,,,,−5.270,-5.27,0.100,0.1,
Engle_2024,2024,Engle_2024_ApJ_960_62.pdf,Table 6,,caii,GJ 184,GJ 184,,,,,,,45,45.0,,,,SM18,,0.615,0.615,0.095,0.095,,,,,,,,,,,,,−5.090,-5.09,0.040,0.04,
Engle_2024,2024,Engle_2024_ApJ_960_62.pdf,Table 6,,caii,GJ 412A,GJ 412A,,,,,,,46.4,46.4,,,,SM18,,0.628,0.628,0.097,0.097,,,,,,,,,,,,,−5.460,-5.46,0.150,0.15,
Engle_2024,2024,Engle_2024_ApJ_960_62.pdf,Table 6,,caii,GJ 9440,GJ 9440,,,,,,,48,48.0,,,,SM18,,0.643,0.643,0.111,0.111,,,,,,,,,,,,,−5.250,-5.25,0.040,0.04,
Engle_2024,2024,Engle_2024_ApJ_960_62.pdf,Table 6,,caii,GJ 654,GJ 654,,,,,,,49,49.0,,,,AD17,,0.652,0.652,0.103,0.103,,,,,,,,,,,,,−5.266,-5.266,0.093,0.093,
Engle_2024,2024,Engle_2024_ApJ_960_62.pdf,Table 6,,caii,GJ 521A,GJ 521A,,,,,,,49.5,49.5,,,,SM18,,0.657,0.657,0.109,0.109,,,,,,,,,,,,,−5.360,-5.36,0.050,0.05,
Engle_2024,2024,Engle_2024_ApJ_960_62.pdf,Table 6,,caii,GJ 536,GJ 536,,,,,,,49.8,49.8,,,,1H,,0.660,0.66,0.104,0.104,,,,,,,,,,,,,−5.059,-5.059,0.130,0.13,
Engle_2024,2024,Engle_2024_ApJ_960_62.pdf,Table 6,,caii,V*BR Psc (GJ 908),V*BR Psc,,,,,,,49.9,49.9,,,,SM18,,0.661,0.661,0.110,0.11,,,,,,,,,,,,,−5.380,-5.38,0.060,0.06,
Engle_2024,2024,Engle_2024_ApJ_960_62.pdf,Table 6,,caii,GJ 119A,GJ 119A,,,,,,,51.2,51.2,,,,SM18,,0.673,0.673,0.115,0.115,,,,,,,,,,,,,−4.970,-4.97,0.040,0.04,
Engle_2024,2024,Engle_2024_ApJ_960_62.pdf,Table 6,,caii,GJ 625,GJ 625,,,,,,,51.22,51.22,,,,1R,,0.673,0.673,0.108,0.108,,,,,,,,,,,,,−5.333,-5.333,1.273,1.273,
Engle_2024,2024,Engle_2024_ApJ_960_62.pdf,Table 6,,caii,GJ 526,GJ 526,,,,,,,52.3,52.3,,,,1H,,0.683,0.683,0.110,0.11,,,,,,,,,,,,,−5.113,-5.113,0.089,0.089,
Engle_2024,2024,Engle_2024_ApJ_960_62.pdf,Table 6,,caii,GJ 476,GJ 476,,,,,,,55,55.0,,,,SM18,,0.708,0.708,0.127,0.127,,,,,,,,,,,,,−5.210,-5.21,0.050,0.05,
Engle_2024,2024,Engle_2024_ApJ_960_62.pdf,Table 6,,caii,GJ 411,GJ 411,,,,,,,56.15,56.15,,,,DA19,,0.719,0.719,0.119,0.119,,,,,,,,,,,,,−5.371,-5.371,0.100,0.1,
Engle_2024,2024,Engle_2024_ApJ_960_62.pdf,Table 6,,caii,GJ 1,GJ 1,,,,,,,56.8,56.8,,,,SM17,,0.725,0.725,0.131,0.131,,,,,,,,,,,,,−5.431,-5.431,0.121,0.121,
Engle_2024,2024,Engle_2024_ApJ_960_62.pdf,Table 6,,caii,GJ 433,GJ 433,,,,,,,72.6,72.6,,,,1F,,0.873,0.873,0.156,0.156,,,,,,,,,,,,,−5.289,-5.289,0.384,0.384,
Engle_2024,2024,Engle_2024_ApJ_960_62.pdf,Table 7,,caii,Pleiades,Pleiades,,,,,,,…,,,,,…,,−0.870,-0.87,0.120,0.12,,,,,,,,,,,,,−4.201,-4.201,0.260,0.26,
Engle_2024,2024,Engle_2024_ApJ_960_62.pdf,Table 7,,caii,LP 831-35,LP 831-35,,,,,,,2.08,2.08,,,,N18,,−0.773,-0.773,0.019,0.019,,,,,,,,,,,,,−4.234,-4.234,0.002,0.002,
Engle_2024,2024,Engle_2024_ApJ_960_62.pdf,Table 7,,caii,AD Leo (GJ 388),AD Leo,,,,,,,2.24,2.24,,,,1R,,−0.764,-0.764,0.019,0.019,,,,,,,,,,,,,−4.191,-4.191,0.070,0.07,
Engle_2024,2024,Engle_2024_ApJ_960_62.pdf,Table 7,,caii,LP 805-1,LP 805-1,,,,,,,2.81,2.81,,,,N18,,−0.732,-0.732,0.019,0.019,,,,,,,,,,,,,−4.390,-4.39,0.004,0.004,
Engle_2024,2024,Engle_2024_ApJ_960_62.pdf,Table 7,,caii,GJ 729,GJ 729,,,,,,,2.87,2.87,,,,AD17,,−0.729,-0.729,0.019,0.019,,,,,,,,,,,,,−4.405,-4.405,0.510,0.51,
Engle_2024,2024,Engle_2024_ApJ_960_62.pdf,Table 7,,caii,LP 709-18,LP 709-18,,,,,,,3.15,3.15,,,,N18,,−0.713,-0.713,0.019,0.019,,,,,,,,,,,,,−4.540,-4.54,0.002,0.002,
Engle_2024,2024,Engle_2024_ApJ_960_62.pdf,Table 7,,caii,UCAC3 151-377752,UCAC3 151-377752,,,,,,,6.72,6.72,,,,N18,,−0.513,-0.513,0.021,0.021,,,,,,,,,,,,,−4.491,-4.491,0.002,0.002,
Engle_2024,2024,Engle_2024_ApJ_960_62.pdf,Table 7,,caii,EPIC 201482319,EPIC 201482319,,,,,,,11.68,11.68,,,,M20,,−0.235,-0.235,0.024,0.024,,,,,,,,,,,,,−4.228,-4.228,0.402,0.402,
Engle_2024,2024,Engle_2024_ApJ_960_62.pdf,Table 7,,caii,Hyades,Hyades,,,,,,,…,,,,,…,,−0.137,-0.137,0.070,0.07,,,,,,,,,,,,,−4.330,-4.33,0.480,0.48,
Engle_2024,2024,Engle_2024_ApJ_960_62.pdf,Table 7,,caii,LP 735-29,LP 735-29,,,,,,,2.10,2.1,,,,N18,,−0.109,-0.109,0.031,0.031,,,,,,,,,,,,,−4.405,-4.405,0.003,0.003,
Engle_2024,2024,Engle_2024_ApJ_960_62.pdf,Table 7,,caii,G 70-46,G 70-46,,,,,,,2.35,2.35,,,,N16,,−0.103,-0.103,0.031,0.031,,,,,,,,,,,,,−4.473,-4.473,0.002,0.002,
Engle_2024,2024,Engle_2024_ApJ_960_62.pdf,Table 7,,caii,GJ 285,GJ 285,,,,,,,2.78,2.78,,,,AD17,,−0.092,-0.092,0.031,0.031,,,,,,,,,,,,,−4.151,-4.151,0.510,0.51,
Engle_2024,2024,Engle_2024_ApJ_960_62.pdf,Table 7,,caii,LP 851-399,LP 851-399,,,,,,,3.07,3.07,,,,N18,,−0.084,-0.084,0.031,0.031,,,,,,,,,,,,,−4.295,-4.295,0.003,0.003,
Engle_2024,2024,Engle_2024_ApJ_960_62.pdf,Table 7,,caii,GJ 3127,GJ 3127,,,,,,,14.79,14.79,,,,N18,,−0.060,-0.06,0.027,0.027,,,,,,,,,,,,,−4.791,-4.791,0.003,0.003,
Engle_2024,2024,Engle_2024_ApJ_960_62.pdf,Table 7,,caii,G 152-1,G 152-1,,,,,,,4.38,4.38,,,,N18,,−0.052,-0.052,0.031,0.031,,,,,,,,,,,,,−4.621,-4.621,0.002,0.002,
Engle_2024,2024,Engle_2024_ApJ_960_62.pdf,Table 7,,caii,GJ 4274,GJ 4274,,,,,,,4.41,4.41,,,,1T,,−0.051,-0.051,0.032,0.032,,,,,,,,,,,,,−4.350,-4.35,0.250,0.25,
Engle_2024,2024,Engle_2024_ApJ_960_62.pdf,Table 7,,caii,LHS 1358,LHS 1358,,,,,,,4.73,4.73,,,,N16,,−0.043,-0.043,0.031,0.031,,,,,,,,,,,,,−4.635,-4.635,0.001,0.001,
Engle_2024,2024,Engle_2024_ApJ_960_62.pdf,Table 7,,caii,SCR J1107-3420B,SCR J1107-3420B,,,,,,,7.61,7.61,,,,N18,,0.030,0.03,0.033,0.033,,,,,,,,,,,,,−4.225,-4.225,0.003,0.003,
Engle_2024,2024,Engle_2024_ApJ_960_62.pdf,Table 7,,caii,BL Lyn,BL Lyn,,,,,,,16.40,16.4,,,,R23,,0.030,0.03,0.028,0.028,,,,,,,,,,,,,−4.280,-4.28,0.049,0.049,
Engle_2024,2024,Engle_2024_ApJ_960_62.pdf,Table 7,,caii,GJ 4071,GJ 4071,,,,,,,8.16,8.16,,,,1T,,0.043,0.043,0.034,0.034,,,,,,,,,,,,,−4.292,-4.292,0.221,0.221,
Engle_2024,2024,Engle_2024_ApJ_960_62.pdf,Table 7,,caii,G 151-64,G 151-64,,,,,,,8.43,8.43,,,,N18,,0.050,0.05,0.034,0.034,,,,,,,,,,,,,−4.202,-4.202,0.002,0.002,
Engle_2024,2024,Engle_2024_ApJ_960_62.pdf,Table 7,,caii,GJ 669A,GJ 669A,,,,,,,20.95,20.95,,,,1R,,0.285,0.285,0.031,0.031,,,,,,,,,,,,,−4.570,-4.57,0.400,0.4,
Engle_2024,2024,Engle_2024_ApJ_960_62.pdf,Table 7,,caii,GJ 479,GJ 479,,,,,,,23.75,23.75,,,,AD17,,0.454,0.454,0.028,0.028,,,,,,,,,,,,,−4.766,-4.766,0.284,0.284,
Engle_2024,2024,Engle_2024_ApJ_960_62.pdf,Table 7,,caii,GJ 362,GJ 362,,,,,,,24.87,24.87,,,,1R,,0.471,0.471,0.031,0.031,,,,,,,,,,,,,−4.493,-4.493,0.436,0.436,
Engle_2024,2024,Engle_2024_ApJ_960_62.pdf,Table 7,,caii,LP 740-10,LP 740-10,,,,,,,25.01,25.01,,,,N18,,0.471,0.471,0.031,0.031,,,,,,,,,,,,,−4.764,-4.764,0.003,0.003,
Engle_2024,2024,Engle_2024_ApJ_960_62.pdf,Table 7,,caii,GJ 358,GJ 358,,,,,,,25.26,25.26,,,,1S,,0.472,0.472,0.031,0.031,,,,,,,,,,,,,−4.655,-4.655,0.077,0.077,
Engle_2024,2024,Engle_2024_ApJ_960_62.pdf,Table 7,,caii,LHS 5273,LHS 5273,,,,,,,30.40,30.4,,,,N18,,0.493,0.493,0.034,0.034,,,,,,,,,,,,,−4.609,-4.609,0.004,0.004,
Engle_2024,2024,Engle_2024_ApJ_960_62.pdf,Table 7,,caii,GJ 674,GJ 674,,,,,,,33.29,33.29,,,,AD17,,0.505,0.505,0.037,0.037,,,,,,,,,,,,,−4.978,-4.978,0.210,0.21,
Engle_2024,2024,Engle_2024_ApJ_960_62.pdf,Table 7,,caii,GJ 832,GJ 832,,,,,,,34.78,34.78,,,,1S,,0.511,0.511,0.040,0.04,,,,,,,,,,,,,−5.148,-5.148,0.172,0.172,
Engle_2024,2024,Engle_2024_ApJ_960_62.pdf,Table 7,,caii,GJ 176,GJ 176,,,,,,,40.14,40.14,,,,1R,,0.533,0.533,0.043,0.043,,,,,,,,,,,,,−4.949,-4.949,0.091,0.091,
Engle_2024,2024,Engle_2024_ApJ_960_62.pdf,Table 7,,caii,GJ 3293,GJ 3293,,,,,,,41.00,41.0,,,,AD17,,0.536,0.536,0.044,0.044,,,,,,,,,,,,,−5.114,-5.114,0.070,0.07,
Engle_2024,2024,Engle_2024_ApJ_960_62.pdf,Table 7,,caii,LP 734-34,LP 734-34,,,,,,,42.99,42.99,,,,N18,,0.544,0.544,0.045,0.045,,,,,,,,,,,,,−4.689,-4.689,0.003,0.003,
Engle_2024,2024,Engle_2024_ApJ_960_62.pdf,Table 7,,caii,GJ 752A,GJ 752A,,,,,,,46.60,46.6,,,,1H,,0.559,0.559,0.049,0.049,,,,,,,,,,,,,−5.113,-5.113,0.102,0.102,
Engle_2024,2024,Engle_2024_ApJ_960_62.pdf,Table 7,,caii,GJ 889B,GJ 889B,,,,,,,51.20,51.2,,,,N18,,0.577,0.577,0.054,0.054,,,,,,,,,,,,,−5.278,-5.278,0.008,0.008,
Engle_2024,2024,Engle_2024_ApJ_960_62.pdf,Table 7,,caii,GJ 588,GJ 588,,,,,,,51.70,51.7,,,,1H,,0.579,0.579,0.055,0.055,,,,,,,,,,,,,−5.143,-5.143,0.403,0.403,
Engle_2024,2024,Engle_2024_ApJ_960_62.pdf,Table 7,,caii,GJ 877,GJ 877,,,,,,,52.80,52.8,,,,SM16,,0.584,0.584,0.056,0.056,,,,,,,,,,,,,−5.180,-5.18,0.293,0.293,
Engle_2024,2024,Engle_2024_ApJ_960_62.pdf,Table 7,,caii,GJ 1088,GJ 1088,,,,,,,53.74,53.74,,,,N18,,0.587,0.587,0.057,0.057,,,,,,,,,,,,,−5.251,-5.251,0.014,0.014,
Engle_2024,2024,Engle_2024_ApJ_960_62.pdf,Table 7,,caii,GJ 163,GJ 163,,,,,,,56.04,56.04,,,,1M,,0.597,0.597,0.060,0.06,,,,,,,,,,,,,−5.422,-5.422,0.130,0.13,
Engle_2024,2024,Engle_2024_ApJ_960_62.pdf,Table 7,,caii,GJ 618A,GJ 618A,,,,,,,56.52,56.52,,,,AD17,,0.599,0.599,0.060,0.06,,,,,,,,,,,,,−5.401,-5.401,0.070,0.07,
Engle_2024,2024,Engle_2024_ApJ_960_62.pdf,Table 7,,caii,WT 244,WT 244,,,,,,,66.45,66.45,,,,N18,,0.639,0.639,0.071,0.071,,,,,,,,,,,,,−5.603,-5.603,0.015,0.015,
Engle_2024,2024,Engle_2024_ApJ_960_62.pdf,Table 7,,caii,LP 816-60,LP 816-60,,,,,,,67.60,67.6,,,,SM16,,0.644,0.644,0.072,0.072,,,,,,,,,,,,,−5.116,-5.116,0.488,0.488,
Engle_2024,2024,Engle_2024_ApJ_960_62.pdf,Table 7,,caii,GJ 849,GJ 849,,,,,,,71.05,71.05,,,,AD17,,0.657,0.657,0.076,0.076,,,,,,,,,,,,,−5.054,-5.054,0.540,0.54,
Engle_2024,2024,Engle_2024_ApJ_960_62.pdf,Table 7,,caii,GJ 436,GJ 436,,,,,,,71.40,71.4,,,,1R,,0.659,0.659,0.076,0.076,,,,,,,,,,,,,−5.269,-5.269,0.599,0.599,
Engle_2024,2024,Engle_2024_ApJ_960_62.pdf,Table 7,,caii,GJ 1148,GJ 1148,,,,,,,71.50,71.5,,,,DA19,,0.659,0.659,0.079,0.079,,,,,,,,,,,,,−5.336,-5.336,1.030,1.03,
Engle_2024,2024,Engle_2024_ApJ_960_62.pdf,Table 7,,caii,L 154-205,L 154-205,,,,,,,73.14,73.14,,,,N18,,0.666,0.666,0.079,0.079,,,,,,,,,,,,,−4.874,-4.874,0.005,0.005,
Engle_2024,2024,Engle_2024_ApJ_960_62.pdf,Table 7,,caii,GJ 12,GJ 12,,,,,,,78.50,78.5,,,,AD17,,0.688,0.688,0.084,0.084,,,,,,,,,,,,,−5.368,-5.368,0.070,0.07,
Engle_2024,2024,Engle_2024_ApJ_960_62.pdf,Table 7,,caii,LHS 610,LHS 610,,,,,,,78.80,78.8,,,,AD17,,0.689,0.689,0.085,0.085,,,,,,,,,,,,,−5.375,-5.375,0.070,0.07,
Engle_2024,2024,Engle_2024_ApJ_960_62.pdf,Table 7,,caii,LP 780-32,LP 780-32,,,,,,,79.15,79.15,,,,N18,,0.691,0.691,0.085,0.085,,,,,,,,,,,,,−5.252,-5.252,0.007,0.007,
Engle_2024,2024,Engle_2024_ApJ_960_62.pdf,Table 7,,caii,L 50-78,L 50-78,,,,,,,80.97,80.97,,,,N18,,0.698,0.698,0.087,0.087,,,,,,,,,,,,,−5.388,-5.388,0.007,0.007,
Engle_2024,2024,Engle_2024_ApJ_960_62.pdf,Table 7,,caii,GJ 4132,GJ 4132,,,,,,,84.99,84.99,,,,N18,,0.714,0.714,0.092,0.092,,,,,,,,,,,,,−5.653,-5.653,0.008,0.008,
Engle_2024,2024,Engle_2024_ApJ_960_62.pdf,Table 7,,caii,GJ 357,GJ 357,,,,,,,86.10,86.1,,,,1H,,0.719,0.719,0.093,0.093,,,,,,,,,,,,,−5.430,-5.43,0.710,0.71,
Engle_2024,2024,Engle_2024_ApJ_960_62.pdf,Table 7,,caii,GJ 876,GJ 876,,,,,,,87.95,87.95,,,,1A,,0.726,0.726,0.095,0.095,,,,,,,,,,,,,−5.258,-5.258,0.260,0.26,
Engle_2024,2024,Engle_2024_ApJ_960_62.pdf,Table 7,,caii,GJ 3323,GJ 3323,,,,,,,88.50,88.5,,,,KS12,,0.728,0.728,0.095,0.095,,,,,,,,,,,,,−4.747,-4.747,0.436,0.436,
Engle_2024,2024,Engle_2024_ApJ_960_62.pdf,Table 7,,caii,GJ 551,GJ 551,,,,,,,88.98,88.98,,,,1S,,0.730,0.73,0.096,0.096,,,,,,,,,,,,,−5.134,-5.134,0.243,0.243,
Engle_2024,2024,Engle_2024_ApJ_960_62.pdf,Table 7,,caii,GJ 876,GJ 876,,,,,,,91.00,91.0,,,,AD17,,0.738,0.738,0.099,0.099,,,,,,,,,,,,,−5.496,-5.496,0.070,0.07,
Engle_2024,2024,Engle_2024_ApJ_960_62.pdf,Table 7,,caii,GJ 3843,GJ 3843,,,,,,,91.43,91.43,,,,N18,,0.740,0.74,0.099,0.099,,,,,,,,,,,,,−5.585,-5.585,0.013,0.013,
Engle_2024,2024,Engle_2024_ApJ_960_62.pdf,Table 7,,caii,L 127-124,L 127-124,,,,,,,91.62,91.62,,,,N18,,0.741,0.741,0.100,0.1,,,,,,,,,,,,,−5.629,-5.629,0.010,0.01,
Engle_2024,2024,Engle_2024_ApJ_960_62.pdf,Table 7,,caii,UCAC4 195-119117,UCAC4 195-119117,,,,,,,93.70,93.7,,,,N18,,0.749,0.749,0.102,0.102,,,,,,,,,,,,,−5.006,-5.006,0.008,0.008,
Engle_2024,2024,Engle_2024_ApJ_960_62.pdf,Table 7,,caii,GJ 836,GJ 836,,,,,,,94.25,94.25,,,,N18,,0.752,0.752,0.102,0.102,,,,,,,,,,,,,−6.195,-6.195,0.019,0.019,
Engle_2024,2024,Engle_2024_ApJ_960_62.pdf,Table 7,,caii,GJ 3382,GJ 3382,,,,,,,95.00,95.0,,,,B22,,0.755,0.755,0.103,0.103,,,,,,,,,,,,,−5.698,-5.698,0.019,0.019,
Engle_2024,2024,Engle_2024_ApJ_960_62.pdf,Table 7,,caii,LP 728-71,LP 728-71,,,,,,,99.66,99.66,,,,N18,,0.774,0.774,0.109,0.109,,,,,,,,,,,,,−5.632,-5.632,0.011,0.011,
Engle_2024,2024,Engle_2024_ApJ_960_62.pdf,Table 7,,caii,GJ 1057,GJ 1057,,,,,,,102.00,102.0,,,,AD17,,0.783,0.783,0.112,0.112,,,,,,,,,,,,,−5.522,-5.522,0.070,0.07,
Engle_2024,2024,Engle_2024_ApJ_960_62.pdf,Table 7,,caii,GJ 667C,GJ 667C,,,,,,,103.10,103.1,,,,1H,,0.788,0.788,0.112,0.112,,,,,,,,,,,,,−5.500,-5.5,0.172,0.172,
Engle_2024,2024,Engle_2024_ApJ_960_62.pdf,Table 7,,caii,GJ 628,GJ 628,,,,,,,108.70,108.7,,,,1R,,0.810,0.81,0.119,0.119,,,,,,,,,,,,,−5.287,-5.287,0.613,0.613,
Engle_2024,2024,Engle_2024_ApJ_960_62.pdf,Table 7,,caii,GJ 3963,GJ 3963,,,,,,,122.66,122.66,,,,N18,,0.867,0.867,0.136,0.136,,,,,,,,,,,,,−5.596,-5.596,0.011,0.011,
Engle_2024,2024,Engle_2024_ApJ_960_62.pdf,Table 7,,caii,GJ 447,GJ 447,,,,,,,124.95,124.95,,,,1R,,0.876,0.876,0.139,0.139,,,,,,,,,,,,,−5.235,-5.235,0.505,0.505,
Engle_2024,2024,Engle_2024_ApJ_960_62.pdf,Table 7,,caii,PM J08446-4805,PM J08446-4805,,,,,,,129.51,129.51,,,,N18,,0.894,0.894,0.143,0.143,,,,,,,,,,,,,−5.668,-5.668,0.007,0.007,
Engle_2024,2024,Engle_2024_ApJ_960_62.pdf,Table 7,,caii,L 210-11,L 210-11,,,,,,,136.92,136.92,,,,N18,,0.924,0.924,0.153,0.153,,,,,,,,,,,,,−5.998,-5.998,0.018,0.018,
Engle_2024,2024,Engle_2024_ApJ_960_62.pdf,Table 7,,caii,GJ 581,GJ 581,,,,,,,147.80,147.8,,,,1A+R,,0.968,0.968,0.069,0.069,,,,,,,,,,,,,−5.487,-5.487,0.425,0.425,
Engle_2024,2024,Engle_2024_ApJ_960_62.pdf,Table 7,,caii,GJ 699,GJ 699,,,,,,,149.50,149.5,,,,1A+R,,0.968,0.968,0.069,0.069,,,,,,,,,,,,,−5.490,-5.49,0.634,0.634,
Engle_2024,2024,Engle_2024_ApJ_960_62.pdf,Table 7,,caii,GJ 273,GJ 273,,,,,,,160.83,160.83,,,,1R,,0.968,0.968,0.069,0.069,,,,,,,,,,,,,−5.273,-5.273,0.520,0.52,
Engle_2024,2024,Engle_2024_ApJ_960_62.pdf,Table 7,,caii,LP 855-60,LP 855-60,,,,,,,154.89,154.89,,,,N18,,0.997,0.997,0.174,0.174,,,,,,,,,,,,,−5.963,-5.963,0.025,0.025,
Engle_2024,2024,Engle_2024_ApJ_960_62.pdf,Table 7,,caii,GJ 191,GJ 191,,,,,,,153.2,153.2,,,,1S,,1.061,1.061,0.046,0.046,,,,,,,,,,,,,−5.609,-5.609,0.495,0.495,
